CostCenter,Account,cost,BPA
Sales-01,100000,24513.39,sales.csv
Sales-01,100001,6373.48,sales.csv
Sales-01,200000,34200.09,sales.csv
Sales-01,400000,980.56,sales.csv
Sales-01,400001,627.67,sales.csv
Sales-01,500000,24967.36,sales.csv
Sales-01,600000,27856.25,sales.csv
Sales-01,600001,40625.14,sales.csv
Sales-01,600002,14575.01,sales.csv
Sales-01,700000,5056.55,ITDemand.csv
Sales-01,700001,2849.79,ITDemand.csv
Sales-01,700002,1520.27,ITDemand.csv
Sales-01,700003,8021.03,ITDemand.csv
Sales-01,800000,8905.99,phones.csv
Sales-01,800001,5003.49,phones.csv
Sales-01,800002,3514.21,phones.csv
Sales-02,100000,11511.03,sales.csv
Sales-02,100001,2992.87,sales.csv
Sales-02,200000,92679.17,sales.csv
Sales-02,400000,309.25,sales.csv
Sales-02,400001,689.88,sales.csv
Sales-02,500000,10521.86,sales.csv
Sales-02,600000,2697.82,sales.csv
Sales-02,600001,15493.35,sales.csv
Sales-02,600002,30643.35,sales.csv
Sales-02,700000,8063.62,sales.csv
Sales-02,700001,6822.53,sales.csv
Sales-02,700002,1844.42,sales.csv
Sales-02,700003,8579.75,sales.csv
Sales-02,800000,2877.44,sales.csv
Sales-02,800001,9251.65,sales.csv
Sales-02,800002,6699.3,sales.csv
Sales-03,100000,89364.4,sales.csv
Sales-03,100001,23234.74,sales.csv
Sales-03,200000,73933.51,sales.csv
Sales-03,400000,767.11,sales.csv
Sales-03,400001,519.46,sales.csv
Sales-03,500000,25524.33,sales.csv
Sales-03,600000,1968.75,sales.csv
Sales-03,600001,22456.87,sales.csv
Sales-03,600002,38881.24,sales.csv
Sales-03,700000,6441.41,sales.csv
Sales-03,700001,9500.52,sales.csv
Sales-03,700002,3139.77,sales.csv
Sales-03,700003,1007.56,sales.csv
Sales-03,800000,6881.19,sales.csv
Sales-03,800001,464.34,sales.csv
Sales-03,800002,3753.58,sales.csv
Sales-04,100000,49553.9,sales.csv
Sales-04,100001,12884.01,sales.csv
Sales-04,200000,26633.31,sales.csv
Sales-04,400000,651.79,sales.csv
Sales-04,400001,910.93,sales.csv
Sales-04,500000,16905.68,sales.csv
Sales-04,600000,26820.82,sales.csv
Sales-04,600001,13558.68,sales.csv
Sales-04,600002,28137.73,sales.csv
Sales-04,700000,9908.93,ITDemand.csv
Sales-04,700001,2399.52,ITDemand.csv
Sales-04,700002,1942.54,ITDemand.csv
Sales-04,700003,2105.35,ITDemand.csv
Sales-04,800000,958.85,phones.csv
Sales-04,800001,1665.89,phones.csv
Sales-04,800002,9455.95,phones.csv
Sales-05,100000,26660.98,sales.csv
Sales-05,100001,6931.85,sales.csv
Sales-05,200000,71187.79,sales.csv
Sales-05,400000,84.26,sales.csv
Sales-05,400001,516.86,sales.csv
Sales-05,500000,3607.79,sales.csv
Sales-05,600000,20100.63,sales.csv
Sales-05,600001,29670.83,sales.csv
Sales-05,600002,23211.49,sales.csv
Sales-05,700000,506.02,ITDemand.csv
Sales-05,700001,4750.97,ITDemand.csv
Sales-05,700002,1522.83,ITDemand.csv
Sales-05,700003,6908,ITDemand.csv
Sales-05,800000,6095.73,sales.csv
Sales-05,800001,6012.85,sales.csv
Sales-05,800002,3535.07,sales.csv
Marketing-01,100000,66887.37,sales.csv
Marketing-01,100001,17390.72,sales.csv
Marketing-01,200000,49055.81,sales.csv
Marketing-01,400000,845.77,sales.csv
Marketing-01,400001,461.83,sales.csv
Marketing-01,500000,11253.06,sales.csv
Marketing-01,600000,7440.4,sales.csv
Marketing-01,600001,33092.83,sales.csv
Marketing-01,600002,13690.66,sales.csv
Marketing-01,700000,3916.33,ITDemand.csv
Marketing-01,700001,413.72,ITDemand.csv
Marketing-01,700002,9456.19,ITDemand.csv
Marketing-01,700003,5175.16,ITDemand.csv
Marketing-01,800000,9448.98,sales.csv
Marketing-01,800001,6620.53,sales.csv
Marketing-01,800002,3736.34,sales.csv
Marketing-02,100000,79037.68,sales.csv
Marketing-02,100001,20549.8,sales.csv
Marketing-02,200000,85016.9,sales.csv
Marketing-02,400000,517.05,sales.csv
Marketing-02,400001,949.02,sales.csv
Marketing-02,500000,40520.32,sales.csv
Marketing-02,600000,3870,sales.csv
Marketing-02,600001,14260.03,sales.csv
Marketing-02,600002,5072.35,sales.csv
Marketing-02,700000,4484.09,ITDemand.csv
Marketing-02,700001,9522.98,ITDemand.csv
Marketing-02,700002,8975.81,ITDemand.csv
Marketing-02,700003,2909.99,ITDemand.csv
Marketing-02,800000,1290.08,sales.csv
Marketing-02,800001,1023.41,sales.csv
Marketing-02,800002,789.1,sales.csv
Marketing-03,100000,6876.37,sales.csv
Marketing-03,100001,1787.86,sales.csv
Marketing-03,200000,53233.38,sales.csv
Marketing-03,400000,897.67,sales.csv
Marketing-03,400001,465.02,sales.csv
Marketing-03,500000,41000.03,sales.csv
Marketing-03,600000,23210.59,sales.csv
Marketing-03,600001,34471.23,sales.csv
Marketing-03,600002,18843.06,sales.csv
Marketing-03,700000,6802.09,ITDemand.csv
Marketing-03,700001,9113.01,ITDemand.csv
Marketing-03,700002,5146.27,ITDemand.csv
Marketing-03,700003,5246.06,ITDemand.csv
Marketing-03,800000,3394.76,sales.csv
Marketing-03,800001,7490.47,sales.csv
Marketing-03,800002,1382.35,sales.csv
Product-Mgmt-01,100000,94463.3,implementation.csv
Product-Mgmt-01,100001,24560.46,implementation.csv
Product-Mgmt-01,200000,85286.88,implementation.csv
Product-Mgmt-01,400000,375.92,implementation.csv
Product-Mgmt-01,400001,295.84,implementation.csv
Product-Mgmt-01,500000,27217.35,implementation.csv
Product-Mgmt-01,600000,28445.35,implementation.csv
Product-Mgmt-01,600001,24552.2,implementation.csv
Product-Mgmt-01,600002,38044.14,implementation.csv
Product-Mgmt-01,700000,1475.85,ITDemand.csv
Product-Mgmt-01,700001,4554.87,ITDemand.csv
Product-Mgmt-01,700002,1058.28,ITDemand.csv
Product-Mgmt-01,700003,4119.74,ITDemand.csv
Product-Mgmt-01,800000,2171.86,implementation.csv
Product-Mgmt-01,800001,9494.86,implementation.csv
Product-Mgmt-01,800002,1653.13,implementation.csv
R&D-01,100000,9523.16,implementation.csv
R&D-01,100001,2476.02,implementation.csv
R&D-01,200000,22413.1,implementation.csv
R&D-01,400000,6.71,implementation.csv
R&D-01,400001,531.5,implementation.csv
R&D-01,500000,16450.23,implementation.csv
R&D-01,600000,24294.57,implementation.csv
R&D-01,600001,26987.94,implementation.csv
R&D-01,600002,29792.13,implementation.csv
R&D-01,700000,3334.59,ITDemand.csv
R&D-01,700001,8409.58,ITDemand.csv
R&D-01,700002,2550.95,ITDemand.csv
R&D-01,700003,6113.46,ITDemand.csv
R&D-01,800000,750.71,implementation.csv
R&D-01,800001,1176.71,implementation.csv
R&D-01,800002,8688.92,implementation.csv
R&D-02,100000,80847.74,implementation.csv
R&D-02,100001,21020.41,implementation.csv
R&D-02,200000,56494.53,implementation.csv
R&D-02,400000,845.39,implementation.csv
R&D-02,400001,406.63,implementation.csv
R&D-02,500000,26221.73,implementation.csv
R&D-02,600000,21285.89,implementation.csv
R&D-02,600001,12224.63,implementation.csv
R&D-02,600002,23193.07,implementation.csv
R&D-02,700000,5045.45,ITDemand.csv
R&D-02,700001,3696.82,ITDemand.csv
R&D-02,700002,3984.14,ITDemand.csv
R&D-02,700003,6144.41,ITDemand.csv
R&D-02,800000,6190.68,implementation.csv
R&D-02,800001,3985.21,implementation.csv
R&D-02,800002,5609.77,implementation.csv
R&D-03,100000,27622.53,implementation.csv
R&D-03,100001,7181.86,implementation.csv
R&D-03,200000,75009.86,implementation.csv
R&D-03,400000,171.11,implementation.csv
R&D-03,400001,151.73,implementation.csv
R&D-03,500000,37503.76,implementation.csv
R&D-03,600000,4596.66,implementation.csv
R&D-03,600001,9192.88,implementation.csv
R&D-03,600002,17803.66,implementation.csv
R&D-03,700000,4256.64,ITDemand.csv
R&D-03,700001,8112.22,ITDemand.csv
R&D-03,700002,279.37,ITDemand.csv
R&D-03,700003,3734.01,ITDemand.csv
R&D-03,800000,3125.74,implementation.csv
R&D-03,800001,2422.66,implementation.csv
R&D-03,800002,2536.51,implementation.csv
R&D-04,100000,37862.33,sales.csv
R&D-04,100001,9844.21,sales.csv
R&D-04,200000,88747.55,sales.csv
R&D-04,400000,733.64,sales.csv
R&D-04,400001,431.65,sales.csv
R&D-04,500000,43405.42,sales.csv
R&D-04,600000,4666.56,sales.csv
R&D-04,600001,22523.85,sales.csv
R&D-04,600002,25837.07,sales.csv
R&D-04,700000,6268.39,ITDemand.csv
R&D-04,700001,8120.74,ITDemand.csv
R&D-04,700002,4302.69,ITDemand.csv
R&D-04,700003,1095.24,ITDemand.csv
R&D-04,800000,6327.01,sales.csv
R&D-04,800001,1149.67,sales.csv
R&D-04,800002,9357.9,sales.csv
FIN-01,100000,400.49,sales.csv
FIN-01,100001,104.13,sales.csv
FIN-01,200000,56430.75,sales.csv
FIN-01,400000,821.12,sales.csv
FIN-01,400001,849.13,sales.csv
FIN-01,500000,3389.91,sales.csv
FIN-01,600000,13461.28,sales.csv
FIN-01,600001,13274.7,sales.csv
FIN-01,600002,33279.01,sales.csv
FIN-01,700000,1685.96,ITDemand.csv
FIN-01,700001,5188.76,ITDemand.csv
FIN-01,700002,1540.87,ITDemand.csv
FIN-01,700003,511.37,ITDemand.csv
FIN-01,800000,1629.22,sales.csv
FIN-01,800001,3697.4,sales.csv
FIN-01,800002,5869.33,sales.csv
ACC-01,100000,99661.9,sales.csv
ACC-01,100001,25912.09,sales.csv
ACC-01,200000,19276.79,sales.csv
ACC-01,400000,741,sales.csv
ACC-01,400001,169.56,sales.csv
ACC-01,500000,43007.34,sales.csv
ACC-01,600000,43810.48,sales.csv
ACC-01,600001,21897.35,sales.csv
ACC-01,600002,24084.02,sales.csv
ACC-01,700000,848.1,ITDemand.csv
ACC-01,700001,238.5,ITDemand.csv
ACC-01,700002,859.8,ITDemand.csv
ACC-01,700003,4915.83,ITDemand.csv
ACC-01,800000,4557.29,sales.csv
ACC-01,800001,6467.35,sales.csv
ACC-01,800002,167.04,sales.csv
IT-01,100000,5478.62,ITDemand.csv
IT-01,100001,1424.44,ITDemand.csv
IT-01,200000,93799.94,ITDemand.csv
IT-01,400000,489.12,ITDemand.csv
IT-01,400001,412.98,ITDemand.csv
IT-01,500000,34823.92,ITDemand.csv
IT-01,600000,24649.07,ITDemand.csv
IT-01,600001,31821.33,ITDemand.csv
IT-01,600002,6019.21,ITDemand.csv
IT-01,700000,3160.17,ITDemand.csv
IT-01,700001,8947.19,ITDemand.csv
IT-01,700002,4009.68,ITDemand.csv
IT-01,700003,1696.66,ITDemand.csv
IT-01,800000,4420,ITDemand.csv
IT-01,800001,9782.73,ITDemand.csv
IT-01,800002,8470.54,ITDemand.csv
PS-01,100000,32789.42,implementation.csv
PS-01,100001,8525.25,implementation.csv
PS-01,200000,75380.48,implementation.csv
PS-01,400000,414.12,implementation.csv
PS-01,400001,880.98,implementation.csv
PS-01,500000,35149.36,implementation.csv
PS-01,600000,18523.55,implementation.csv
PS-01,600001,25400.08,implementation.csv
PS-01,600002,12141.74,implementation.csv
PS-01,700000,3606.01,implementation.csv
PS-01,700001,4417.18,implementation.csv
PS-01,700002,1413.71,implementation.csv
PS-01,700003,2119.07,implementation.csv
PS-01,800000,7146.34,implementation.csv
PS-01,800001,7048.24,implementation.csv
PS-01,800002,7590.48,implementation.csv
IS-01,100000,20132,payroll.csv
IS-01,100001,5234.32,payroll.csv
IS-01,200000,53456.64,payroll.csv
IS-01,400000,844.58,payroll.csv
IS-01,400001,111.65,payroll.csv
IS-01,500000,476.15,payroll.csv
IS-01,600000,43120.34,payroll.csv
IS-01,600001,12670.84,payroll.csv
IS-01,600002,41058.02,payroll.csv
IS-01,700000,3734.61,payroll.csv
IS-01,700001,9903.57,payroll.csv
IS-01,700002,7958.38,payroll.csv
IS-01,700003,2977.06,payroll.csv
IS-01,800000,28.64,payroll.csv
IS-01,800001,4602.6,payroll.csv
IS-01,800002,4244.65,payroll.csv
Exec-Office-01,100000,60732.84,sales.csv
Exec-Office-01,100001,15790.54,sales.csv
Exec-Office-01,200000,32855.06,sales.csv
Exec-Office-01,400000,455.39,sales.csv
Exec-Office-01,400001,414.8,sales.csv
Exec-Office-01,500000,44928.4,sales.csv
Exec-Office-01,600000,3538.88,sales.csv
Exec-Office-01,600001,2101.23,sales.csv
Exec-Office-01,600002,19172.12,sales.csv
Exec-Office-01,700000,4215.5,sales.csv
Exec-Office-01,700001,8345.23,sales.csv
Exec-Office-01,700002,6578.88,sales.csv
Exec-Office-01,700003,5230.34,sales.csv
Exec-Office-01,800000,8157.1,sales.csv
Exec-Office-01,800001,3339.09,sales.csv
Exec-Office-01,800002,3292.87,sales.csv
LEG-01,100000,56021.81,sales.csv
LEG-01,100001,14565.67,sales.csv
LEG-01,200000,17288.62,sales.csv
LEG-01,400000,274.45,sales.csv
LEG-01,400001,591.42,sales.csv
LEG-01,500000,3773.65,sales.csv
LEG-01,600000,21337.7,sales.csv
LEG-01,600001,7454.5,sales.csv
LEG-01,600002,39087.87,sales.csv
LEG-01,700000,3762.21,ITDemand.csv
LEG-01,700001,5158.1,ITDemand.csv
LEG-01,700002,4781.37,ITDemand.csv
LEG-01,700003,4118.57,ITDemand.csv
LEG-01,800000,3103.62,sales.csv
LEG-01,800001,5116.17,sales.csv
LEG-01,800002,6283.45,sales.csv
TAX-01,100000,75513.17,sales.csv
TAX-01,100001,19633.42,sales.csv
TAX-01,200000,42760.95,sales.csv
TAX-01,400000,125.42,sales.csv
TAX-01,400001,450.34,sales.csv
TAX-01,500000,42937.05,sales.csv
TAX-01,600000,27367.82,sales.csv
TAX-01,600001,40897.38,sales.csv
TAX-01,600002,22224.8,sales.csv
TAX-01,700000,8923.05,ITDemand.csv
TAX-01,700001,5174.7,ITDemand.csv
TAX-01,700002,3163.48,ITDemand.csv
TAX-01,700003,348.58,ITDemand.csv
TAX-01,800000,5443.52,sales.csv
TAX-01,800001,8767.58,sales.csv
TAX-01,800002,3128.08,sales.csv
Sales-01,100000,74267.8,sales.csv
Sales-01,100001,19309.63,sales.csv
Sales-01,200000,335.54,sales.csv
Sales-01,400000,570.67,sales.csv
Sales-01,400001,295.45,sales.csv
Sales-01,500000,19748.52,sales.csv
Sales-01,600000,12573.3,sales.csv
Sales-01,600001,16465.36,sales.csv
Sales-01,600002,3385.77,sales.csv
Sales-01,700000,9894.1,ITDemand.csv
Sales-01,700001,7959.04,ITDemand.csv
Sales-01,700002,4073.92,ITDemand.csv
Sales-01,700003,8740.29,ITDemand.csv
Sales-01,800000,805.75,phones.csv
Sales-01,800001,5678.09,phones.csv
Sales-01,800002,1198.07,phones.csv
Sales-02,100000,89337.22,sales.csv
Sales-02,100001,23227.68,sales.csv
Sales-02,200000,10951.54,sales.csv
Sales-02,400000,173.87,sales.csv
Sales-02,400001,114.18,sales.csv
Sales-02,500000,28282.68,sales.csv
Sales-02,600000,29262.9,sales.csv
Sales-02,600001,22591.69,sales.csv
Sales-02,600002,19281.45,sales.csv
Sales-02,700000,7571.1,sales.csv
Sales-02,700001,2770.68,sales.csv
Sales-02,700002,6461.51,sales.csv
Sales-02,700003,5745.08,sales.csv
Sales-02,800000,9641.25,sales.csv
Sales-02,800001,8720.86,sales.csv
Sales-02,800002,2560.3,sales.csv
Sales-03,100000,45430.71,sales.csv
Sales-03,100001,11811.98,sales.csv
Sales-03,200000,58784.03,sales.csv
Sales-03,400000,182.96,sales.csv
Sales-03,400001,467.41,sales.csv
Sales-03,500000,13718.75,sales.csv
Sales-03,600000,12806.54,sales.csv
Sales-03,600001,15729.53,sales.csv
Sales-03,600002,22214.01,sales.csv
Sales-03,700000,3916.82,sales.csv
Sales-03,700001,1959.93,sales.csv
Sales-03,700002,9396.54,sales.csv
Sales-03,700003,693.99,sales.csv
Sales-03,800000,3038.29,sales.csv
Sales-03,800001,9858.48,sales.csv
Sales-03,800002,8011.91,sales.csv
Sales-04,100000,52548.83,sales.csv
Sales-04,100001,13662.7,sales.csv
Sales-04,200000,66651.17,sales.csv
Sales-04,400000,171.55,sales.csv
Sales-04,400001,91.62,sales.csv
Sales-04,500000,6459.66,sales.csv
Sales-04,600000,21555.64,sales.csv
Sales-04,600001,40209.4,sales.csv
Sales-04,600002,30711.66,sales.csv
Sales-04,700000,7389.78,ITDemand.csv
Sales-04,700001,4191.11,ITDemand.csv
Sales-04,700002,9407.05,ITDemand.csv
Sales-04,700003,6056.37,ITDemand.csv
Sales-04,800000,5005.74,phones.csv
Sales-04,800001,7699.19,phones.csv
Sales-04,800002,115.46,phones.csv
Sales-05,100000,15517.96,sales.csv
Sales-05,100001,4034.67,sales.csv
Sales-05,200000,33553.76,sales.csv
Sales-05,400000,880.59,sales.csv
Sales-05,400001,801.38,sales.csv
Sales-05,500000,20989.61,sales.csv
Sales-05,600000,111.19,sales.csv
Sales-05,600001,22576.67,sales.csv
Sales-05,600002,13913.57,sales.csv
Sales-05,700000,801.32,ITDemand.csv
Sales-05,700001,7498.18,ITDemand.csv
Sales-05,700002,5893.79,ITDemand.csv
Sales-05,700003,4991.7,ITDemand.csv
Sales-05,800000,6823.21,sales.csv
Sales-05,800001,8831.45,sales.csv
Sales-05,800002,8283.36,sales.csv
Marketing-01,100000,47775.15,sales.csv
Marketing-01,100001,12421.54,sales.csv
Marketing-01,200000,15402.11,sales.csv
Marketing-01,400000,482.47,sales.csv
Marketing-01,400001,159.51,sales.csv
Marketing-01,500000,4459.76,sales.csv
Marketing-01,600000,29546.97,sales.csv
Marketing-01,600001,38263.98,sales.csv
Marketing-01,600002,20343.03,sales.csv
Marketing-01,700000,6678,ITDemand.csv
Marketing-01,700001,5367.56,ITDemand.csv
Marketing-01,700002,4990.81,ITDemand.csv
Marketing-01,700003,707.81,ITDemand.csv
Marketing-01,800000,5199.21,sales.csv
Marketing-01,800001,9806.15,sales.csv
Marketing-01,800002,6984.51,sales.csv
Marketing-02,100000,27829.09,sales.csv
Marketing-02,100001,7235.56,sales.csv
Marketing-02,200000,59984.68,sales.csv
Marketing-02,400000,549.69,sales.csv
Marketing-02,400001,128.75,sales.csv
Marketing-02,500000,19778.48,sales.csv
Marketing-02,600000,42473.4,sales.csv
Marketing-02,600001,28533.66,sales.csv
Marketing-02,600002,24124.73,sales.csv
Marketing-02,700000,1198.36,ITDemand.csv
Marketing-02,700001,9425.5,ITDemand.csv
Marketing-02,700002,2095.26,ITDemand.csv
Marketing-02,700003,8338.4,ITDemand.csv
Marketing-02,800000,1804.5,sales.csv
Marketing-02,800001,780.5,sales.csv
Marketing-02,800002,1145.63,sales.csv
Marketing-03,100000,42749.23,sales.csv
Marketing-03,100001,11114.8,sales.csv
Marketing-03,200000,38274.99,sales.csv
Marketing-03,400000,482.97,sales.csv
Marketing-03,400001,582.99,sales.csv
Marketing-03,500000,8904.36,sales.csv
Marketing-03,600000,37754.91,sales.csv
Marketing-03,600001,17720.18,sales.csv
Marketing-03,600002,42365.89,sales.csv
Marketing-03,700000,3731.93,ITDemand.csv
Marketing-03,700001,7696.47,ITDemand.csv
Marketing-03,700002,6533.03,ITDemand.csv
Marketing-03,700003,865.86,ITDemand.csv
Marketing-03,800000,2378.9,sales.csv
Marketing-03,800001,1106.42,sales.csv
Marketing-03,800002,3180.86,sales.csv
Product-Mgmt-01,100000,32725.62,implementation.csv
Product-Mgmt-01,100001,8508.66,implementation.csv
Product-Mgmt-01,200000,21572.79,implementation.csv
Product-Mgmt-01,400000,535.43,implementation.csv
Product-Mgmt-01,400001,69.91,implementation.csv
Product-Mgmt-01,500000,39643.41,implementation.csv
Product-Mgmt-01,600000,19222.71,implementation.csv
Product-Mgmt-01,600001,44237.59,implementation.csv
Product-Mgmt-01,600002,32809.54,implementation.csv
Product-Mgmt-01,700000,4112.86,ITDemand.csv
Product-Mgmt-01,700001,1361.91,ITDemand.csv
Product-Mgmt-01,700002,4888.45,ITDemand.csv
Product-Mgmt-01,700003,367.53,ITDemand.csv
Product-Mgmt-01,800000,4911.75,implementation.csv
Product-Mgmt-01,800001,2240.54,implementation.csv
Product-Mgmt-01,800002,3292.86,implementation.csv
R&D-01,100000,20068.43,implementation.csv
R&D-01,100001,5217.79,implementation.csv
R&D-01,200000,82796.41,implementation.csv
R&D-01,400000,763.64,implementation.csv
R&D-01,400001,889.5,implementation.csv
R&D-01,500000,5515.99,implementation.csv
R&D-01,600000,19975.83,implementation.csv
R&D-01,600001,25462.77,implementation.csv
R&D-01,600002,19057.1,implementation.csv
R&D-01,700000,7430.79,ITDemand.csv
R&D-01,700001,7325.61,ITDemand.csv
R&D-01,700002,5901.69,ITDemand.csv
R&D-01,700003,6817.74,ITDemand.csv
R&D-01,800000,4982.6,implementation.csv
R&D-01,800001,4584.94,implementation.csv
R&D-01,800002,2888.85,implementation.csv
R&D-02,100000,6054.12,implementation.csv
R&D-02,100001,1574.07,implementation.csv
R&D-02,200000,38183.67,implementation.csv
R&D-02,400000,188.91,implementation.csv
R&D-02,400001,970.64,implementation.csv
R&D-02,500000,36741.69,implementation.csv
R&D-02,600000,15121.98,implementation.csv
R&D-02,600001,1649.21,implementation.csv
R&D-02,600002,29245.95,implementation.csv
R&D-02,700000,1077.61,ITDemand.csv
R&D-02,700001,9529.04,ITDemand.csv
R&D-02,700002,8744.52,ITDemand.csv
R&D-02,700003,2068.88,ITDemand.csv
R&D-02,800000,8042.38,implementation.csv
R&D-02,800001,8718.92,implementation.csv
R&D-02,800002,222.63,implementation.csv
R&D-03,100000,98362.11,implementation.csv
R&D-03,100001,25574.15,implementation.csv
R&D-03,200000,56125.15,implementation.csv
R&D-03,400000,235.83,implementation.csv
R&D-03,400001,474.84,implementation.csv
R&D-03,500000,38076.97,implementation.csv
R&D-03,600000,10178.77,implementation.csv
R&D-03,600001,30480.77,implementation.csv
R&D-03,600002,34127.02,implementation.csv
R&D-03,700000,9709.23,ITDemand.csv
R&D-03,700001,1046.56,ITDemand.csv
R&D-03,700002,8456.49,ITDemand.csv
R&D-03,700003,9180.79,ITDemand.csv
R&D-03,800000,8772.96,implementation.csv
R&D-03,800001,7129.96,implementation.csv
R&D-03,800002,571.17,implementation.csv
R&D-04,100000,95921.78,sales.csv
R&D-04,100001,24939.66,sales.csv
R&D-04,200000,93691.06,sales.csv
R&D-04,400000,415.12,sales.csv
R&D-04,400001,208.58,sales.csv
R&D-04,500000,1811.66,sales.csv
R&D-04,600000,38897.79,sales.csv
R&D-04,600001,30065.66,sales.csv
R&D-04,600002,27289.48,sales.csv
R&D-04,700000,4141.88,ITDemand.csv
R&D-04,700001,7561.14,ITDemand.csv
R&D-04,700002,9564.31,ITDemand.csv
R&D-04,700003,6520.08,ITDemand.csv
R&D-04,800000,2290.03,sales.csv
R&D-04,800001,6236.79,sales.csv
R&D-04,800002,2924.79,sales.csv
FIN-01,100000,69098.28,sales.csv
FIN-01,100001,17965.55,sales.csv
FIN-01,200000,76646.02,sales.csv
FIN-01,400000,233.35,sales.csv
FIN-01,400001,575.68,sales.csv
FIN-01,500000,19276.19,sales.csv
FIN-01,600000,14126.99,sales.csv
FIN-01,600001,26192.84,sales.csv
FIN-01,600002,27560.81,sales.csv
FIN-01,700000,2487.59,ITDemand.csv
FIN-01,700001,5371.7,ITDemand.csv
FIN-01,700002,9719.29,ITDemand.csv
FIN-01,700003,6542.27,ITDemand.csv
FIN-01,800000,8722.97,sales.csv
FIN-01,800001,8344.83,sales.csv
FIN-01,800002,8568.61,sales.csv
ACC-01,100000,728.8,sales.csv
ACC-01,100001,189.49,sales.csv
ACC-01,200000,49099.24,sales.csv
ACC-01,400000,150.98,sales.csv
ACC-01,400001,706.93,sales.csv
ACC-01,500000,9044.08,sales.csv
ACC-01,600000,7878.27,sales.csv
ACC-01,600001,12628.14,sales.csv
ACC-01,600002,15106.73,sales.csv
ACC-01,700000,7139.53,ITDemand.csv
ACC-01,700001,385.26,ITDemand.csv
ACC-01,700002,8551.99,ITDemand.csv
ACC-01,700003,9784.77,ITDemand.csv
ACC-01,800000,486.2,sales.csv
ACC-01,800001,8188,sales.csv
ACC-01,800002,6467.23,sales.csv
IT-01,100000,56799.2,ITDemand.csv
IT-01,100001,14767.79,ITDemand.csv
IT-01,200000,74320.57,ITDemand.csv
IT-01,400000,798.23,ITDemand.csv
IT-01,400001,734.64,ITDemand.csv
IT-01,500000,24119.33,ITDemand.csv
IT-01,600000,37721.64,ITDemand.csv
IT-01,600001,12279.56,ITDemand.csv
IT-01,600002,38787.13,ITDemand.csv
IT-01,700000,9952.73,ITDemand.csv
IT-01,700001,8458.67,ITDemand.csv
IT-01,700002,9841.48,ITDemand.csv
IT-01,700003,6257.28,ITDemand.csv
IT-01,800000,2966.36,ITDemand.csv
IT-01,800001,8877.31,ITDemand.csv
IT-01,800002,6001.12,ITDemand.csv
PS-01,100000,24564.81,implementation.csv
PS-01,100001,6386.85,implementation.csv
PS-01,200000,68171.78,implementation.csv
PS-01,400000,484.24,implementation.csv
PS-01,400001,444.79,implementation.csv
PS-01,500000,6638.53,implementation.csv
PS-01,600000,44868.7,implementation.csv
PS-01,600001,18619.19,implementation.csv
PS-01,600002,29844.31,implementation.csv
PS-01,700000,3246.57,implementation.csv
PS-01,700001,2503.73,implementation.csv
PS-01,700002,4739.36,implementation.csv
PS-01,700003,7814.77,implementation.csv
PS-01,800000,1832.77,implementation.csv
PS-01,800001,2522.58,implementation.csv
PS-01,800002,305.09,implementation.csv
IS-01,100000,77265.53,payroll.csv
IS-01,100001,20089.04,payroll.csv
IS-01,200000,60258.64,payroll.csv
IS-01,400000,142.54,payroll.csv
IS-01,400001,958.99,payroll.csv
IS-01,500000,28416.04,payroll.csv
IS-01,600000,33170.6,payroll.csv
IS-01,600001,30976.45,payroll.csv
IS-01,600002,31491.75,payroll.csv
IS-01,700000,1779.34,payroll.csv
IS-01,700001,4326.76,payroll.csv
IS-01,700002,7897.4,payroll.csv
IS-01,700003,3703.01,payroll.csv
IS-01,800000,3114.45,payroll.csv
IS-01,800001,1873.72,payroll.csv
IS-01,800002,7450.96,payroll.csv
Exec-Office-01,100000,76812.39,sales.csv
Exec-Office-01,100001,19971.22,sales.csv
Exec-Office-01,200000,74104.95,sales.csv
Exec-Office-01,400000,761.28,sales.csv
Exec-Office-01,400001,122.61,sales.csv
Exec-Office-01,500000,1360.69,sales.csv
Exec-Office-01,600000,5284.04,sales.csv
Exec-Office-01,600001,42691.68,sales.csv
Exec-Office-01,600002,33872.87,sales.csv
Exec-Office-01,700000,7909.45,sales.csv
Exec-Office-01,700001,5468.01,sales.csv
Exec-Office-01,700002,4964.49,sales.csv
Exec-Office-01,700003,2914.36,sales.csv
Exec-Office-01,800000,6056.19,sales.csv
Exec-Office-01,800001,1667.45,sales.csv
Exec-Office-01,800002,2216.16,sales.csv
LEG-01,100000,3200.92,sales.csv
LEG-01,100001,832.24,sales.csv
LEG-01,200000,22006.67,sales.csv
LEG-01,400000,777.45,sales.csv
LEG-01,400001,599.48,sales.csv
LEG-01,500000,36119.75,sales.csv
LEG-01,600000,24932.2,sales.csv
LEG-01,600001,30527.82,sales.csv
LEG-01,600002,36791.48,sales.csv
LEG-01,700000,8133.79,ITDemand.csv
LEG-01,700001,9167.77,ITDemand.csv
LEG-01,700002,8228.52,ITDemand.csv
LEG-01,700003,6785.52,ITDemand.csv
LEG-01,800000,3600.78,sales.csv
LEG-01,800001,5586.42,sales.csv
LEG-01,800002,8912.44,sales.csv
TAX-01,100000,20772.76,sales.csv
TAX-01,100001,5400.92,sales.csv
TAX-01,200000,62961.8,sales.csv
TAX-01,400000,581.52,sales.csv
TAX-01,400001,825.6,sales.csv
TAX-01,500000,17220.3,sales.csv
TAX-01,600000,5292.66,sales.csv
TAX-01,600001,16670.13,sales.csv
TAX-01,600002,37100.27,sales.csv
TAX-01,700000,8932.43,ITDemand.csv
TAX-01,700001,4352.52,ITDemand.csv
TAX-01,700002,7309.42,ITDemand.csv
TAX-01,700003,6616.51,ITDemand.csv
TAX-01,800000,9481.84,sales.csv
TAX-01,800001,1340.18,sales.csv
TAX-01,800002,6620.76,sales.csv
Sales-01,100000,54931.72,sales.csv
Sales-01,100001,14282.25,sales.csv
Sales-01,200000,23035.12,sales.csv
Sales-01,400000,254.86,sales.csv
Sales-01,400001,652.5,sales.csv
Sales-01,500000,29058.1,sales.csv
Sales-01,600000,6726.86,sales.csv
Sales-01,600001,5414.32,sales.csv
Sales-01,600002,33999.31,sales.csv
Sales-01,700000,9613.82,ITDemand.csv
Sales-01,700001,3570.05,ITDemand.csv
Sales-01,700002,5751.18,ITDemand.csv
Sales-01,700003,2139.93,ITDemand.csv
Sales-01,800000,5871.5,phones.csv
Sales-01,800001,181.63,phones.csv
Sales-01,800002,4816.23,phones.csv
Sales-02,100000,22612.11,sales.csv
Sales-02,100001,5879.15,sales.csv
Sales-02,200000,12931.95,sales.csv
Sales-02,400000,674.8,sales.csv
Sales-02,400001,348.93,sales.csv
Sales-02,500000,18362.15,sales.csv
Sales-02,600000,44658.85,sales.csv
Sales-02,600001,35000.48,sales.csv
Sales-02,600002,7005.77,sales.csv
Sales-02,700000,8360.48,sales.csv
Sales-02,700001,3933.15,sales.csv
Sales-02,700002,6690.84,sales.csv
Sales-02,700003,1691.29,sales.csv
Sales-02,800000,2992.36,sales.csv
Sales-02,800001,9155.91,sales.csv
Sales-02,800002,6490.4,sales.csv
Sales-03,100000,28358.44,sales.csv
Sales-03,100001,7373.19,sales.csv
Sales-03,200000,54132.08,sales.csv
Sales-03,400000,549.02,sales.csv
Sales-03,400001,286.84,sales.csv
Sales-03,500000,16785.77,sales.csv
Sales-03,600000,38218.7,sales.csv
Sales-03,600001,28643.82,sales.csv
Sales-03,600002,14364.32,sales.csv
Sales-03,700000,6450.4,sales.csv
Sales-03,700001,6815.71,sales.csv
Sales-03,700002,8941.66,sales.csv
Sales-03,700003,3850.04,sales.csv
Sales-03,800000,809.11,sales.csv
Sales-03,800001,7711.3,sales.csv
Sales-03,800002,2415.74,sales.csv
Sales-04,100000,30776.42,sales.csv
Sales-04,100001,8001.87,sales.csv
Sales-04,200000,96455.49,sales.csv
Sales-04,400000,969.41,sales.csv
Sales-04,400001,961.74,sales.csv
Sales-04,500000,26531.3,sales.csv
Sales-04,600000,16279.67,sales.csv
Sales-04,600001,3787.76,sales.csv
Sales-04,600002,10422.84,sales.csv
Sales-04,700000,1286.08,ITDemand.csv
Sales-04,700001,9059.93,ITDemand.csv
Sales-04,700002,7572.39,ITDemand.csv
Sales-04,700003,7730.84,ITDemand.csv
Sales-04,800000,3588.58,phones.csv
Sales-04,800001,4803.35,phones.csv
Sales-04,800002,2882.72,phones.csv
Sales-05,100000,59954.37,sales.csv
Sales-05,100001,15588.14,sales.csv
Sales-05,200000,82968.47,sales.csv
Sales-05,400000,121.2,sales.csv
Sales-05,400001,340.02,sales.csv
Sales-05,500000,21636.32,sales.csv
Sales-05,600000,11012.38,sales.csv
Sales-05,600001,20623.15,sales.csv
Sales-05,600002,19242.83,sales.csv
Sales-05,700000,9474.81,ITDemand.csv
Sales-05,700001,7725.18,ITDemand.csv
Sales-05,700002,5757.31,ITDemand.csv
Sales-05,700003,5012.32,ITDemand.csv
Sales-05,800000,7958.44,sales.csv
Sales-05,800001,7263.82,sales.csv
Sales-05,800002,9620.62,sales.csv
Marketing-01,100000,68637.04,sales.csv
Marketing-01,100001,17845.63,sales.csv
Marketing-01,200000,93662.1,sales.csv
Marketing-01,400000,799.47,sales.csv
Marketing-01,400001,997.6,sales.csv
Marketing-01,500000,2948.46,sales.csv
Marketing-01,600000,32610.19,sales.csv
Marketing-01,600001,34949.09,sales.csv
Marketing-01,600002,19065.07,sales.csv
Marketing-01,700000,4609.2,ITDemand.csv
Marketing-01,700001,7556.7,ITDemand.csv
Marketing-01,700002,5253.67,ITDemand.csv
Marketing-01,700003,9244.76,ITDemand.csv
Marketing-01,800000,588.52,sales.csv
Marketing-01,800001,3901.69,sales.csv
Marketing-01,800002,4786.46,sales.csv
Marketing-02,100000,47233.12,sales.csv
Marketing-02,100001,12280.61,sales.csv
Marketing-02,200000,87579.1,sales.csv
Marketing-02,400000,25.9,sales.csv
Marketing-02,400001,241.25,sales.csv
Marketing-02,500000,1168.7,sales.csv
Marketing-02,600000,40699.74,sales.csv
Marketing-02,600001,33584.58,sales.csv
Marketing-02,600002,20416.66,sales.csv
Marketing-02,700000,8591.56,ITDemand.csv
Marketing-02,700001,7696.14,ITDemand.csv
Marketing-02,700002,6862.74,ITDemand.csv
Marketing-02,700003,4968.85,ITDemand.csv
Marketing-02,800000,8901.62,sales.csv
Marketing-02,800001,5713.17,sales.csv
Marketing-02,800002,4524.55,sales.csv
Marketing-03,100000,4979.99,sales.csv
Marketing-03,100001,1294.8,sales.csv
Marketing-03,200000,20942.12,sales.csv
Marketing-03,400000,887.87,sales.csv
Marketing-03,400001,127.27,sales.csv
Marketing-03,500000,36511.56,sales.csv
Marketing-03,600000,44678.28,sales.csv
Marketing-03,600001,33930.23,sales.csv
Marketing-03,600002,37362.16,sales.csv
Marketing-03,700000,9636.24,ITDemand.csv
Marketing-03,700001,3683.68,ITDemand.csv
Marketing-03,700002,9462.48,ITDemand.csv
Marketing-03,700003,2238.06,ITDemand.csv
Marketing-03,800000,3447.76,sales.csv
Marketing-03,800001,2071.83,sales.csv
Marketing-03,800002,33.03,sales.csv
Product-Mgmt-01,100000,90056.46,implementation.csv
Product-Mgmt-01,100001,23414.68,implementation.csv
Product-Mgmt-01,200000,18737.71,implementation.csv
Product-Mgmt-01,400000,9.1,implementation.csv
Product-Mgmt-01,400001,225.03,implementation.csv
Product-Mgmt-01,500000,6373.42,implementation.csv
Product-Mgmt-01,600000,13852.23,implementation.csv
Product-Mgmt-01,600001,36260.89,implementation.csv
Product-Mgmt-01,600002,27231.49,implementation.csv
Product-Mgmt-01,700000,1328.62,ITDemand.csv
Product-Mgmt-01,700001,3345.74,ITDemand.csv
Product-Mgmt-01,700002,8483.23,ITDemand.csv
Product-Mgmt-01,700003,9991.29,ITDemand.csv
Product-Mgmt-01,800000,7649.79,implementation.csv
Product-Mgmt-01,800001,937.55,implementation.csv
Product-Mgmt-01,800002,4836.07,implementation.csv
R&D-01,100000,51424.47,implementation.csv
R&D-01,100001,13370.36,implementation.csv
R&D-01,200000,75097.37,implementation.csv
R&D-01,400000,510.82,implementation.csv
R&D-01,400001,108.68,implementation.csv
R&D-01,500000,17487.59,implementation.csv
R&D-01,600000,9858.62,implementation.csv
R&D-01,600001,40567.94,implementation.csv
R&D-01,600002,15397.21,implementation.csv
R&D-01,700000,7806.68,ITDemand.csv
R&D-01,700001,4547.6,ITDemand.csv
R&D-01,700002,6367.06,ITDemand.csv
R&D-01,700003,5917.54,ITDemand.csv
R&D-01,800000,5200.17,implementation.csv
R&D-01,800001,5582.75,implementation.csv
R&D-01,800002,6032.65,implementation.csv
R&D-02,100000,40519.77,implementation.csv
R&D-02,100001,10535.14,implementation.csv
R&D-02,200000,99039.04,implementation.csv
R&D-02,400000,201.56,implementation.csv
R&D-02,400001,240.67,implementation.csv
R&D-02,500000,15394.39,implementation.csv
R&D-02,600000,20550.94,implementation.csv
R&D-02,600001,41307.57,implementation.csv
R&D-02,600002,10257.49,implementation.csv
R&D-02,700000,2313.63,ITDemand.csv
R&D-02,700001,7306.86,ITDemand.csv
R&D-02,700002,3282.48,ITDemand.csv
R&D-02,700003,9970.51,ITDemand.csv
R&D-02,800000,9655.46,implementation.csv
R&D-02,800001,3396.49,implementation.csv
R&D-02,800002,6284.33,implementation.csv
R&D-03,100000,5929.22,implementation.csv
R&D-03,100001,1541.6,implementation.csv
R&D-03,200000,58479.94,implementation.csv
R&D-03,400000,950.24,implementation.csv
R&D-03,400001,842.72,implementation.csv
R&D-03,500000,3362.58,implementation.csv
R&D-03,600000,38345.04,implementation.csv
R&D-03,600001,21945.77,implementation.csv
R&D-03,600002,13444.01,implementation.csv
R&D-03,700000,5098.45,ITDemand.csv
R&D-03,700001,3333,ITDemand.csv
R&D-03,700002,8556.25,ITDemand.csv
R&D-03,700003,1896.2,ITDemand.csv
R&D-03,800000,6197.01,implementation.csv
R&D-03,800001,1325.53,implementation.csv
R&D-03,800002,9332,implementation.csv
R&D-04,100000,20975.6,sales.csv
R&D-04,100001,5453.66,sales.csv
R&D-04,200000,96590.66,sales.csv
R&D-04,400000,514.34,sales.csv
R&D-04,400001,331.81,sales.csv
R&D-04,500000,29005.98,sales.csv
R&D-04,600000,12555.98,sales.csv
R&D-04,600001,7380.81,sales.csv
R&D-04,600002,12342.14,sales.csv
R&D-04,700000,9286.68,ITDemand.csv
R&D-04,700001,8200.56,ITDemand.csv
R&D-04,700002,9340.43,ITDemand.csv
R&D-04,700003,9019.21,ITDemand.csv
R&D-04,800000,7086.49,sales.csv
R&D-04,800001,4078.68,sales.csv
R&D-04,800002,576.05,sales.csv
FIN-01,100000,82384.9,sales.csv
FIN-01,100001,21420.07,sales.csv
FIN-01,200000,5139.09,sales.csv
FIN-01,400000,385.97,sales.csv
FIN-01,400001,634.06,sales.csv
FIN-01,500000,19897.24,sales.csv
FIN-01,600000,8153.72,sales.csv
FIN-01,600001,44891.63,sales.csv
FIN-01,600002,38478.7,sales.csv
FIN-01,700000,6229.27,ITDemand.csv
FIN-01,700001,3123.19,ITDemand.csv
FIN-01,700002,8214.5,ITDemand.csv
FIN-01,700003,665.36,ITDemand.csv
FIN-01,800000,8464.96,sales.csv
FIN-01,800001,6702.03,sales.csv
FIN-01,800002,1154.39,sales.csv
ACC-01,100000,72599.76,sales.csv
ACC-01,100001,18875.94,sales.csv
ACC-01,200000,37283.11,sales.csv
ACC-01,400000,283.11,sales.csv
ACC-01,400001,794.79,sales.csv
ACC-01,500000,23008.48,sales.csv
ACC-01,600000,10784.77,sales.csv
ACC-01,600001,10.93,sales.csv
ACC-01,600002,24073.56,sales.csv
ACC-01,700000,2129.64,ITDemand.csv
ACC-01,700001,8020.15,ITDemand.csv
ACC-01,700002,9347.79,ITDemand.csv
ACC-01,700003,3814.57,ITDemand.csv
ACC-01,800000,5942.25,sales.csv
ACC-01,800001,4481.31,sales.csv
ACC-01,800002,1355.55,sales.csv
IT-01,100000,99702.11,ITDemand.csv
IT-01,100001,25922.55,ITDemand.csv
IT-01,200000,14642.51,ITDemand.csv
IT-01,400000,208.61,ITDemand.csv
IT-01,400001,562.84,ITDemand.csv
IT-01,500000,39706.62,ITDemand.csv
IT-01,600000,16129.12,ITDemand.csv
IT-01,600001,39959.59,ITDemand.csv
IT-01,600002,1510.63,ITDemand.csv
IT-01,700000,8013.89,ITDemand.csv
IT-01,700001,2718.61,ITDemand.csv
IT-01,700002,874.32,ITDemand.csv
IT-01,700003,5033.3,ITDemand.csv
IT-01,800000,6814.78,ITDemand.csv
IT-01,800001,1922.68,ITDemand.csv
IT-01,800002,8298.93,ITDemand.csv
PS-01,100000,56883.07,implementation.csv
PS-01,100001,14789.6,implementation.csv
PS-01,200000,19898.21,implementation.csv
PS-01,400000,910.98,implementation.csv
PS-01,400001,254.01,implementation.csv
PS-01,500000,22714,implementation.csv
PS-01,600000,34485.97,implementation.csv
PS-01,600001,13562.93,implementation.csv
PS-01,600002,20226.66,implementation.csv
PS-01,700000,1962.71,implementation.csv
PS-01,700001,6987.56,implementation.csv
PS-01,700002,1266.68,implementation.csv
PS-01,700003,7039.6,implementation.csv
PS-01,800000,9840.91,implementation.csv
PS-01,800001,3810.68,implementation.csv
PS-01,800002,8786.83,implementation.csv
IS-01,100000,14210.99,payroll.csv
IS-01,100001,3694.86,payroll.csv
IS-01,200000,80609.53,payroll.csv
IS-01,400000,872.06,payroll.csv
IS-01,400001,575.49,payroll.csv
IS-01,500000,14064.28,payroll.csv
IS-01,600000,42953.76,payroll.csv
IS-01,600001,13098.53,payroll.csv
IS-01,600002,10929.06,payroll.csv
IS-01,700000,146.12,payroll.csv
IS-01,700001,9495.57,payroll.csv
IS-01,700002,916.98,payroll.csv
IS-01,700003,2069.64,payroll.csv
IS-01,800000,1075.93,payroll.csv
IS-01,800001,834.91,payroll.csv
IS-01,800002,2330.21,payroll.csv
Exec-Office-01,100000,71792.86,sales.csv
Exec-Office-01,100001,18666.14,sales.csv
Exec-Office-01,200000,38280.26,sales.csv
Exec-Office-01,400000,896.91,sales.csv
Exec-Office-01,400001,610.92,sales.csv
Exec-Office-01,500000,1330.74,sales.csv
Exec-Office-01,600000,43242.63,sales.csv
Exec-Office-01,600001,5724.72,sales.csv
Exec-Office-01,600002,21119.26,sales.csv
Exec-Office-01,700000,493.04,sales.csv
Exec-Office-01,700001,2994.29,sales.csv
Exec-Office-01,700002,5404.48,sales.csv
Exec-Office-01,700003,5370.6,sales.csv
Exec-Office-01,800000,4873.28,sales.csv
Exec-Office-01,800001,6392.38,sales.csv
Exec-Office-01,800002,5331.29,sales.csv
LEG-01,100000,95604.84,sales.csv
LEG-01,100001,24857.26,sales.csv
LEG-01,200000,36002.62,sales.csv
LEG-01,400000,708.41,sales.csv
LEG-01,400001,991.33,sales.csv
LEG-01,500000,28762.58,sales.csv
LEG-01,600000,15239.24,sales.csv
LEG-01,600001,13461.66,sales.csv
LEG-01,600002,20804.01,sales.csv
LEG-01,700000,4041.74,ITDemand.csv
LEG-01,700001,7490.25,ITDemand.csv
LEG-01,700002,890.39,ITDemand.csv
LEG-01,700003,9733,ITDemand.csv
LEG-01,800000,5168.15,sales.csv
LEG-01,800001,1831.16,sales.csv
LEG-01,800002,5667.7,sales.csv
TAX-01,100000,42687.49,sales.csv
TAX-01,100001,11098.75,sales.csv
TAX-01,200000,82170.57,sales.csv
TAX-01,400000,756,sales.csv
TAX-01,400001,717.77,sales.csv
TAX-01,500000,13257.8,sales.csv
TAX-01,600000,40771.19,sales.csv
TAX-01,600001,17062.05,sales.csv
TAX-01,600002,4485.77,sales.csv
TAX-01,700000,9104.34,ITDemand.csv
TAX-01,700001,1623.68,ITDemand.csv
TAX-01,700002,1897.89,ITDemand.csv
TAX-01,700003,9364.33,ITDemand.csv
TAX-01,800000,2413.67,sales.csv
TAX-01,800001,7860.69,sales.csv
TAX-01,800002,7794.47,sales.csv
Sales-01,100000,32795.31,sales.csv
Sales-01,100001,8526.78,sales.csv
Sales-01,200000,60535.91,sales.csv
Sales-01,400000,95.89,sales.csv
Sales-01,400001,952.61,sales.csv
Sales-01,500000,2159.35,sales.csv
Sales-01,600000,39058.38,sales.csv
Sales-01,600001,12080.59,sales.csv
Sales-01,600002,19308.8,sales.csv
Sales-01,700000,8882.29,ITDemand.csv
Sales-01,700001,3383.44,ITDemand.csv
Sales-01,700002,8448.38,ITDemand.csv
Sales-01,700003,4376.19,ITDemand.csv
Sales-01,800000,4492.73,phones.csv
Sales-01,800001,6781.67,phones.csv
Sales-01,800002,8376.11,phones.csv
Sales-02,100000,40665.05,sales.csv
Sales-02,100001,10572.91,sales.csv
Sales-02,200000,65661.02,sales.csv
Sales-02,400000,980.82,sales.csv
Sales-02,400001,798.22,sales.csv
Sales-02,500000,35266.27,sales.csv
Sales-02,600000,20772.15,sales.csv
Sales-02,600001,14271.12,sales.csv
Sales-02,600002,4073.79,sales.csv
Sales-02,700000,7756.17,sales.csv
Sales-02,700001,809.37,sales.csv
Sales-02,700002,8662.35,sales.csv
Sales-02,700003,3463,sales.csv
Sales-02,800000,4021.27,sales.csv
Sales-02,800001,2180.62,sales.csv
Sales-02,800002,6887.15,sales.csv
Sales-03,100000,19150.39,sales.csv
Sales-03,100001,4979.1,sales.csv
Sales-03,200000,84899.77,sales.csv
Sales-03,400000,266.2,sales.csv
Sales-03,400001,864.3,sales.csv
Sales-03,500000,36091.52,sales.csv
Sales-03,600000,43033.49,sales.csv
Sales-03,600001,43435.6,sales.csv
Sales-03,600002,36869.11,sales.csv
Sales-03,700000,6942.46,sales.csv
Sales-03,700001,5915.21,sales.csv
Sales-03,700002,1526.71,sales.csv
Sales-03,700003,1564.73,sales.csv
Sales-03,800000,1922.99,sales.csv
Sales-03,800001,9240.54,sales.csv
Sales-03,800002,634.11,sales.csv
Sales-04,100000,24018.08,sales.csv
Sales-04,100001,6244.7,sales.csv
Sales-04,200000,1457.66,sales.csv
Sales-04,400000,486.79,sales.csv
Sales-04,400001,231.51,sales.csv
Sales-04,500000,11553.64,sales.csv
Sales-04,600000,22427.68,sales.csv
Sales-04,600001,19107.37,sales.csv
Sales-04,600002,30741.48,sales.csv
Sales-04,700000,4292.32,ITDemand.csv
Sales-04,700001,7857.9,ITDemand.csv
Sales-04,700002,1367.03,ITDemand.csv
Sales-04,700003,8174.75,ITDemand.csv
Sales-04,800000,3686.75,phones.csv
Sales-04,800001,6147.26,phones.csv
Sales-04,800002,2797.46,phones.csv
Sales-05,100000,32121.68,sales.csv
Sales-05,100001,8351.64,sales.csv
Sales-05,200000,65295.53,sales.csv
Sales-05,400000,549.73,sales.csv
Sales-05,400001,307.24,sales.csv
Sales-05,500000,42223.44,sales.csv
Sales-05,600000,15199.84,sales.csv
Sales-05,600001,334.17,sales.csv
Sales-05,600002,44300.54,sales.csv
Sales-05,700000,3195.5,ITDemand.csv
Sales-05,700001,3750.66,ITDemand.csv
Sales-05,700002,37.88,ITDemand.csv
Sales-05,700003,4751.21,ITDemand.csv
Sales-05,800000,2526.35,sales.csv
Sales-05,800001,9783.97,sales.csv
Sales-05,800002,1895.82,sales.csv
Marketing-01,100000,98939.32,sales.csv
Marketing-01,100001,25724.22,sales.csv
Marketing-01,200000,17972.66,sales.csv
Marketing-01,400000,103.72,sales.csv
Marketing-01,400001,544.74,sales.csv
Marketing-01,500000,41993.17,sales.csv
Marketing-01,600000,9797.14,sales.csv
Marketing-01,600001,1171.2,sales.csv
Marketing-01,600002,37867.36,sales.csv
Marketing-01,700000,2486.96,ITDemand.csv
Marketing-01,700001,8583.37,ITDemand.csv
Marketing-01,700002,99.87,ITDemand.csv
Marketing-01,700003,9758.56,ITDemand.csv
Marketing-01,800000,4863.35,sales.csv
Marketing-01,800001,3307.32,sales.csv
Marketing-01,800002,1440.57,sales.csv
Marketing-02,100000,83262.63,sales.csv
Marketing-02,100001,21648.28,sales.csv
Marketing-02,200000,19469.07,sales.csv
Marketing-02,400000,262.55,sales.csv
Marketing-02,400001,884.04,sales.csv
Marketing-02,500000,27048.3,sales.csv
Marketing-02,600000,33222.18,sales.csv
Marketing-02,600001,413.63,sales.csv
Marketing-02,600002,44752.52,sales.csv
Marketing-02,700000,75.28,ITDemand.csv
Marketing-02,700001,7620.22,ITDemand.csv
Marketing-02,700002,7092.57,ITDemand.csv
Marketing-02,700003,8241.61,ITDemand.csv
Marketing-02,800000,4174.31,sales.csv
Marketing-02,800001,1142.13,sales.csv
Marketing-02,800002,6262.06,sales.csv
Marketing-03,100000,9819.44,sales.csv
Marketing-03,100001,2553.05,sales.csv
Marketing-03,200000,27799.76,sales.csv
Marketing-03,400000,966.22,sales.csv
Marketing-03,400001,149.31,sales.csv
Marketing-03,500000,28051.96,sales.csv
Marketing-03,600000,12878.78,sales.csv
Marketing-03,600001,9070.05,sales.csv
Marketing-03,600002,22669.38,sales.csv
Marketing-03,700000,8167.88,ITDemand.csv
Marketing-03,700001,5550.5,ITDemand.csv
Marketing-03,700002,9448.62,ITDemand.csv
Marketing-03,700003,1819.73,ITDemand.csv
Marketing-03,800000,6165.29,sales.csv
Marketing-03,800001,5091.12,sales.csv
Marketing-03,800002,1589.8,sales.csv
Product-Mgmt-01,100000,43651.33,implementation.csv
Product-Mgmt-01,100001,11349.35,implementation.csv
Product-Mgmt-01,200000,58614.34,implementation.csv
Product-Mgmt-01,400000,933.09,implementation.csv
Product-Mgmt-01,400001,845.33,implementation.csv
Product-Mgmt-01,500000,12234.63,implementation.csv
Product-Mgmt-01,600000,42734.21,implementation.csv
Product-Mgmt-01,600001,22132.86,implementation.csv
Product-Mgmt-01,600002,38174.83,implementation.csv
Product-Mgmt-01,700000,1285.97,ITDemand.csv
Product-Mgmt-01,700001,8679.06,ITDemand.csv
Product-Mgmt-01,700002,6791.43,ITDemand.csv
Product-Mgmt-01,700003,6610.25,ITDemand.csv
Product-Mgmt-01,800000,8524.92,implementation.csv
Product-Mgmt-01,800001,8136.03,implementation.csv
Product-Mgmt-01,800002,1519.78,implementation.csv
R&D-01,100000,82699.08,implementation.csv
R&D-01,100001,21501.76,implementation.csv
R&D-01,200000,28700.09,implementation.csv
R&D-01,400000,790.03,implementation.csv
R&D-01,400001,593.36,implementation.csv
R&D-01,500000,16057.53,implementation.csv
R&D-01,600000,35410,implementation.csv
R&D-01,600001,33701.79,implementation.csv
R&D-01,600002,23453.83,implementation.csv
R&D-01,700000,3132.63,ITDemand.csv
R&D-01,700001,9609.18,ITDemand.csv
R&D-01,700002,8283.97,ITDemand.csv
R&D-01,700003,5366.86,ITDemand.csv
R&D-01,800000,460.33,implementation.csv
R&D-01,800001,6203.32,implementation.csv
R&D-01,800002,8292.34,implementation.csv
R&D-02,100000,64713.63,implementation.csv
R&D-02,100001,16825.54,implementation.csv
R&D-02,200000,2638.48,implementation.csv
R&D-02,400000,830.03,implementation.csv
R&D-02,400001,334.32,implementation.csv
R&D-02,500000,37679.92,implementation.csv
R&D-02,600000,2226.47,implementation.csv
R&D-02,600001,44280.69,implementation.csv
R&D-02,600002,18812.02,implementation.csv
R&D-02,700000,5127.18,ITDemand.csv
R&D-02,700001,8756.83,ITDemand.csv
R&D-02,700002,5399.28,ITDemand.csv
R&D-02,700003,7654.34,ITDemand.csv
R&D-02,800000,1917.67,implementation.csv
R&D-02,800001,2321.73,implementation.csv
R&D-02,800002,6287.27,implementation.csv
R&D-03,100000,23132.61,implementation.csv
R&D-03,100001,6014.48,implementation.csv
R&D-03,200000,59976.44,implementation.csv
R&D-03,400000,636.32,implementation.csv
R&D-03,400001,396.55,implementation.csv
R&D-03,500000,4851.39,implementation.csv
R&D-03,600000,41858.08,implementation.csv
R&D-03,600001,10519.89,implementation.csv
R&D-03,600002,8835.81,implementation.csv
R&D-03,700000,5041.63,ITDemand.csv
R&D-03,700001,1930.48,ITDemand.csv
R&D-03,700002,5447.1,ITDemand.csv
R&D-03,700003,5098.81,ITDemand.csv
R&D-03,800000,3280.03,implementation.csv
R&D-03,800001,792.97,implementation.csv
R&D-03,800002,4213.65,implementation.csv
R&D-04,100000,34414.19,sales.csv
R&D-04,100001,8947.69,sales.csv
R&D-04,200000,61503.88,sales.csv
R&D-04,400000,285.8,sales.csv
R&D-04,400001,604.09,sales.csv
R&D-04,500000,43112.97,sales.csv
R&D-04,600000,38239.74,sales.csv
R&D-04,600001,9656.64,sales.csv
R&D-04,600002,8910.94,sales.csv
R&D-04,700000,3611.12,ITDemand.csv
R&D-04,700001,4994.04,ITDemand.csv
R&D-04,700002,3670.85,ITDemand.csv
R&D-04,700003,1353.53,ITDemand.csv
R&D-04,800000,1497.8,sales.csv
R&D-04,800001,3950.29,sales.csv
R&D-04,800002,3694.29,sales.csv
FIN-01,100000,6070.93,sales.csv
FIN-01,100001,1578.44,sales.csv
FIN-01,200000,52781.63,sales.csv
FIN-01,400000,959.83,sales.csv
FIN-01,400001,573.41,sales.csv
FIN-01,500000,40920.05,sales.csv
FIN-01,600000,3097.64,sales.csv
FIN-01,600001,38287.9,sales.csv
FIN-01,600002,41649.7,sales.csv
FIN-01,700000,8874.81,ITDemand.csv
FIN-01,700001,5034.35,ITDemand.csv
FIN-01,700002,7430.25,ITDemand.csv
FIN-01,700003,6218.1,ITDemand.csv
FIN-01,800000,4115.62,sales.csv
FIN-01,800001,4858.73,sales.csv
FIN-01,800002,6580.16,sales.csv
ACC-01,100000,14853.64,sales.csv
ACC-01,100001,3861.95,sales.csv
ACC-01,200000,17817.09,sales.csv
ACC-01,400000,425.3,sales.csv
ACC-01,400001,655.71,sales.csv
ACC-01,500000,29963.02,sales.csv
ACC-01,600000,32404.04,sales.csv
ACC-01,600001,14559.36,sales.csv
ACC-01,600002,21273.94,sales.csv
ACC-01,700000,5348.65,ITDemand.csv
ACC-01,700001,6793.52,ITDemand.csv
ACC-01,700002,8809.83,ITDemand.csv
ACC-01,700003,5040.49,ITDemand.csv
ACC-01,800000,2129.32,sales.csv
ACC-01,800001,8784.01,sales.csv
ACC-01,800002,9959.49,sales.csv
IT-01,100000,61742.9,ITDemand.csv
IT-01,100001,16053.15,ITDemand.csv
IT-01,200000,87274.62,ITDemand.csv
IT-01,400000,960.42,ITDemand.csv
IT-01,400001,261.86,ITDemand.csv
IT-01,500000,8378.83,ITDemand.csv
IT-01,600000,7156.82,ITDemand.csv
IT-01,600001,38662.95,ITDemand.csv
IT-01,600002,22211.38,ITDemand.csv
IT-01,700000,7036.54,ITDemand.csv
IT-01,700001,4077.15,ITDemand.csv
IT-01,700002,867.21,ITDemand.csv
IT-01,700003,1476.08,ITDemand.csv
IT-01,800000,4228.49,ITDemand.csv
IT-01,800001,3570.37,ITDemand.csv
IT-01,800002,7825.65,ITDemand.csv
PS-01,100000,24065.67,implementation.csv
PS-01,100001,6257.07,implementation.csv
PS-01,200000,88936.52,implementation.csv
PS-01,400000,339.71,implementation.csv
PS-01,400001,93.75,implementation.csv
PS-01,500000,36330.58,implementation.csv
PS-01,600000,18107.22,implementation.csv
PS-01,600001,19631.78,implementation.csv
PS-01,600002,12374.9,implementation.csv
PS-01,700000,8786.13,implementation.csv
PS-01,700001,1617.26,implementation.csv
PS-01,700002,7820.21,implementation.csv
PS-01,700003,7705.47,implementation.csv
PS-01,800000,3244.62,implementation.csv
PS-01,800001,2580.15,implementation.csv
PS-01,800002,4562.83,implementation.csv
IS-01,100000,51028.52,payroll.csv
IS-01,100001,13267.42,payroll.csv
IS-01,200000,34134.37,payroll.csv
IS-01,400000,608.58,payroll.csv
IS-01,400001,356.84,payroll.csv
IS-01,500000,40256.28,payroll.csv
IS-01,600000,43938.14,payroll.csv
IS-01,600001,26969.63,payroll.csv
IS-01,600002,3008.23,payroll.csv
IS-01,700000,1152.11,payroll.csv
IS-01,700001,9440.16,payroll.csv
IS-01,700002,4597.06,payroll.csv
IS-01,700003,9947.39,payroll.csv
IS-01,800000,9969.95,payroll.csv
IS-01,800001,8161.76,payroll.csv
IS-01,800002,169.39,payroll.csv
Exec-Office-01,100000,80257.59,sales.csv
Exec-Office-01,100001,20866.97,sales.csv
Exec-Office-01,200000,56372.46,sales.csv
Exec-Office-01,400000,39.02,sales.csv
Exec-Office-01,400001,996.04,sales.csv
Exec-Office-01,500000,42458.86,sales.csv
Exec-Office-01,600000,4916.14,sales.csv
Exec-Office-01,600001,44026.87,sales.csv
Exec-Office-01,600002,22145.64,sales.csv
Exec-Office-01,700000,9849.93,sales.csv
Exec-Office-01,700001,9263.78,sales.csv
Exec-Office-01,700002,9483.89,sales.csv
Exec-Office-01,700003,580.83,sales.csv
Exec-Office-01,800000,5408.22,sales.csv
Exec-Office-01,800001,8019.92,sales.csv
Exec-Office-01,800002,813.3,sales.csv
LEG-01,100000,39347.15,sales.csv
LEG-01,100001,10230.26,sales.csv
LEG-01,200000,19132.09,sales.csv
LEG-01,400000,314.11,sales.csv
LEG-01,400001,511.2,sales.csv
LEG-01,500000,35813.97,sales.csv
LEG-01,600000,38323.32,sales.csv
LEG-01,600001,5164.59,sales.csv
LEG-01,600002,21890.78,sales.csv
LEG-01,700000,4153.98,ITDemand.csv
LEG-01,700001,489.74,ITDemand.csv
LEG-01,700002,4852.46,ITDemand.csv
LEG-01,700003,9081.08,ITDemand.csv
LEG-01,800000,2706.32,sales.csv
LEG-01,800001,8446,sales.csv
LEG-01,800002,4556.46,sales.csv
TAX-01,100000,48659.74,sales.csv
TAX-01,100001,12651.53,sales.csv
TAX-01,200000,66722.26,sales.csv
TAX-01,400000,518.32,sales.csv
TAX-01,400001,171.74,sales.csv
TAX-01,500000,36091.48,sales.csv
TAX-01,600000,3791.62,sales.csv
TAX-01,600001,16438.9,sales.csv
TAX-01,600002,36075.23,sales.csv
TAX-01,700000,9917.88,ITDemand.csv
TAX-01,700001,5541.32,ITDemand.csv
TAX-01,700002,3396.94,ITDemand.csv
TAX-01,700003,5121.68,ITDemand.csv
TAX-01,800000,9071.12,sales.csv
TAX-01,800001,9127.95,sales.csv
TAX-01,800002,3428.66,sales.csv
Sales-01,100000,23484.03,sales.csv
Sales-01,100001,6105.85,sales.csv
Sales-01,200000,4438.96,sales.csv
Sales-01,400000,66.73,sales.csv
Sales-01,400001,38.9,sales.csv
Sales-01,500000,5793.95,sales.csv
Sales-01,600000,35395.46,sales.csv
Sales-01,600001,39383.06,sales.csv
Sales-01,600002,25033.53,sales.csv
Sales-01,700000,3460.84,ITDemand.csv
Sales-01,700001,7483.95,ITDemand.csv
Sales-01,700002,2482.65,ITDemand.csv
Sales-01,700003,5112.63,ITDemand.csv
Sales-01,800000,7410.03,phones.csv
Sales-01,800001,3709.12,phones.csv
Sales-01,800002,4408.2,phones.csv
Sales-02,100000,62460.91,sales.csv
Sales-02,100001,16239.84,sales.csv
Sales-02,200000,95750.41,sales.csv
Sales-02,400000,980.82,sales.csv
Sales-02,400001,267.88,sales.csv
Sales-02,500000,36841.36,sales.csv
Sales-02,600000,19625.58,sales.csv
Sales-02,600001,18372.5,sales.csv
Sales-02,600002,2252.97,sales.csv
Sales-02,700000,466.97,sales.csv
Sales-02,700001,8571.94,sales.csv
Sales-02,700002,6517.94,sales.csv
Sales-02,700003,9376.62,sales.csv
Sales-02,800000,1398.88,sales.csv
Sales-02,800001,3628.15,sales.csv
Sales-02,800002,8848.37,sales.csv
Sales-03,100000,28071.23,sales.csv
Sales-03,100001,7298.52,sales.csv
Sales-03,200000,40968.45,sales.csv
Sales-03,400000,664.36,sales.csv
Sales-03,400001,551.96,sales.csv
Sales-03,500000,20232,sales.csv
Sales-03,600000,17436.68,sales.csv
Sales-03,600001,13332.11,sales.csv
Sales-03,600002,2125.78,sales.csv
Sales-03,700000,1600.07,sales.csv
Sales-03,700001,1228.75,sales.csv
Sales-03,700002,5203.96,sales.csv
Sales-03,700003,7600.48,sales.csv
Sales-03,800000,6990.44,sales.csv
Sales-03,800001,8061.59,sales.csv
Sales-03,800002,9981.59,sales.csv
Sales-04,100000,14849.78,sales.csv
Sales-04,100001,3860.94,sales.csv
Sales-04,200000,38863.79,sales.csv
Sales-04,400000,916.97,sales.csv
Sales-04,400001,163.8,sales.csv
Sales-04,500000,3344.63,sales.csv
Sales-04,600000,11230.23,sales.csv
Sales-04,600001,19434.14,sales.csv
Sales-04,600002,44348.76,sales.csv
Sales-04,700000,144.4,ITDemand.csv
Sales-04,700001,9995.28,ITDemand.csv
Sales-04,700002,9001.14,ITDemand.csv
Sales-04,700003,2517.13,ITDemand.csv
Sales-04,800000,7006.42,phones.csv
Sales-04,800001,8557.61,phones.csv
Sales-04,800002,9342.44,phones.csv
Sales-05,100000,17811.33,sales.csv
Sales-05,100001,4630.95,sales.csv
Sales-05,200000,33642.66,sales.csv
Sales-05,400000,556.49,sales.csv
Sales-05,400001,995.24,sales.csv
Sales-05,500000,44287.77,sales.csv
Sales-05,600000,6581.34,sales.csv
Sales-05,600001,7190.81,sales.csv
Sales-05,600002,25451.48,sales.csv
Sales-05,700000,3619.39,ITDemand.csv
Sales-05,700001,3392.31,ITDemand.csv
Sales-05,700002,1218.15,ITDemand.csv
Sales-05,700003,7353.95,ITDemand.csv
Sales-05,800000,555.41,sales.csv
Sales-05,800001,9386.75,sales.csv
Sales-05,800002,4809.42,sales.csv
Marketing-01,100000,21957.35,sales.csv
Marketing-01,100001,5708.91,sales.csv
Marketing-01,200000,50195.7,sales.csv
Marketing-01,400000,70.45,sales.csv
Marketing-01,400001,255.38,sales.csv
Marketing-01,500000,43904.06,sales.csv
Marketing-01,600000,16239.7,sales.csv
Marketing-01,600001,17879.23,sales.csv
Marketing-01,600002,23478.65,sales.csv
Marketing-01,700000,2517.46,ITDemand.csv
Marketing-01,700001,8859.4,ITDemand.csv
Marketing-01,700002,4296.79,ITDemand.csv
Marketing-01,700003,2453.55,ITDemand.csv
Marketing-01,800000,6297.22,sales.csv
Marketing-01,800001,8374.19,sales.csv
Marketing-01,800002,9376.93,sales.csv
Marketing-02,100000,68542.97,sales.csv
Marketing-02,100001,17821.17,sales.csv
Marketing-02,200000,83827.06,sales.csv
Marketing-02,400000,312.86,sales.csv
Marketing-02,400001,267.27,sales.csv
Marketing-02,500000,37938.27,sales.csv
Marketing-02,600000,21126.63,sales.csv
Marketing-02,600001,39743.49,sales.csv
Marketing-02,600002,523.8,sales.csv
Marketing-02,700000,4504.07,ITDemand.csv
Marketing-02,700001,9570.82,ITDemand.csv
Marketing-02,700002,3549.16,ITDemand.csv
Marketing-02,700003,9260.64,ITDemand.csv
Marketing-02,800000,4153.76,sales.csv
Marketing-02,800001,940.71,sales.csv
Marketing-02,800002,3083.39,sales.csv
Marketing-03,100000,49067.06,sales.csv
Marketing-03,100001,12757.44,sales.csv
Marketing-03,200000,19660.11,sales.csv
Marketing-03,400000,865.4,sales.csv
Marketing-03,400001,331.3,sales.csv
Marketing-03,500000,27661.13,sales.csv
Marketing-03,600000,14826.75,sales.csv
Marketing-03,600001,30077.26,sales.csv
Marketing-03,600002,10715.24,sales.csv
Marketing-03,700000,340.93,ITDemand.csv
Marketing-03,700001,523.6,ITDemand.csv
Marketing-03,700002,7308.89,ITDemand.csv
Marketing-03,700003,2315.19,ITDemand.csv
Marketing-03,800000,2555.2,sales.csv
Marketing-03,800001,4747.29,sales.csv
Marketing-03,800002,1384.81,sales.csv
Product-Mgmt-01,100000,22311.98,implementation.csv
Product-Mgmt-01,100001,5801.11,implementation.csv
Product-Mgmt-01,200000,68235.31,implementation.csv
Product-Mgmt-01,400000,701.81,implementation.csv
Product-Mgmt-01,400001,419.45,implementation.csv
Product-Mgmt-01,500000,20900.86,implementation.csv
Product-Mgmt-01,600000,20250.93,implementation.csv
Product-Mgmt-01,600001,11225.34,implementation.csv
Product-Mgmt-01,600002,5333.82,implementation.csv
Product-Mgmt-01,700000,6320.17,ITDemand.csv
Product-Mgmt-01,700001,9596.28,ITDemand.csv
Product-Mgmt-01,700002,9776.98,ITDemand.csv
Product-Mgmt-01,700003,7436.88,ITDemand.csv
Product-Mgmt-01,800000,5378.57,implementation.csv
Product-Mgmt-01,800001,4206.11,implementation.csv
Product-Mgmt-01,800002,3763.53,implementation.csv
R&D-01,100000,46900.6,implementation.csv
R&D-01,100001,12194.16,implementation.csv
R&D-01,200000,75621.27,implementation.csv
R&D-01,400000,712.55,implementation.csv
R&D-01,400001,68.33,implementation.csv
R&D-01,500000,28674.06,implementation.csv
R&D-01,600000,11722.25,implementation.csv
R&D-01,600001,9657.4,implementation.csv
R&D-01,600002,3745.32,implementation.csv
R&D-01,700000,382.53,ITDemand.csv
R&D-01,700001,1660.93,ITDemand.csv
R&D-01,700002,9809.71,ITDemand.csv
R&D-01,700003,9227.11,ITDemand.csv
R&D-01,800000,1069.17,implementation.csv
R&D-01,800001,1706.71,implementation.csv
R&D-01,800002,6317.81,implementation.csv
R&D-02,100000,84026,implementation.csv
R&D-02,100001,21846.76,implementation.csv
R&D-02,200000,49284.59,implementation.csv
R&D-02,400000,508.38,implementation.csv
R&D-02,400001,35.49,implementation.csv
R&D-02,500000,29870.94,implementation.csv
R&D-02,600000,27322.6,implementation.csv
R&D-02,600001,2888.53,implementation.csv
R&D-02,600002,4477.21,implementation.csv
R&D-02,700000,4838.01,ITDemand.csv
R&D-02,700001,7724.4,ITDemand.csv
R&D-02,700002,6204.1,ITDemand.csv
R&D-02,700003,6302.84,ITDemand.csv
R&D-02,800000,7057.77,implementation.csv
R&D-02,800001,7846.9,implementation.csv
R&D-02,800002,3717.15,implementation.csv
R&D-03,100000,18852.55,implementation.csv
R&D-03,100001,4901.66,implementation.csv
R&D-03,200000,50913.4,implementation.csv
R&D-03,400000,844.63,implementation.csv
R&D-03,400001,119.18,implementation.csv
R&D-03,500000,17732.46,implementation.csv
R&D-03,600000,27394.31,implementation.csv
R&D-03,600001,35601.77,implementation.csv
R&D-03,600002,8907.3,implementation.csv
R&D-03,700000,9665.75,ITDemand.csv
R&D-03,700001,6821.79,ITDemand.csv
R&D-03,700002,7971.93,ITDemand.csv
R&D-03,700003,2703.69,ITDemand.csv
R&D-03,800000,9339.05,implementation.csv
R&D-03,800001,1204.63,implementation.csv
R&D-03,800002,6075.46,implementation.csv
R&D-04,100000,72384.79,sales.csv
R&D-04,100001,18820.05,sales.csv
R&D-04,200000,40725.73,sales.csv
R&D-04,400000,76.88,sales.csv
R&D-04,400001,74.57,sales.csv
R&D-04,500000,33321.53,sales.csv
R&D-04,600000,35306.66,sales.csv
R&D-04,600001,35277.87,sales.csv
R&D-04,600002,44619.42,sales.csv
R&D-04,700000,2918.12,ITDemand.csv
R&D-04,700001,4549.92,ITDemand.csv
R&D-04,700002,6718.25,ITDemand.csv
R&D-04,700003,5127.54,ITDemand.csv
R&D-04,800000,8722.1,sales.csv
R&D-04,800001,5431.33,sales.csv
R&D-04,800002,794.45,sales.csv
FIN-01,100000,98156.78,sales.csv
FIN-01,100001,25520.76,sales.csv
FIN-01,200000,77141.04,sales.csv
FIN-01,400000,896.81,sales.csv
FIN-01,400001,649.65,sales.csv
FIN-01,500000,24358.28,sales.csv
FIN-01,600000,28606.47,sales.csv
FIN-01,600001,11901.92,sales.csv
FIN-01,600002,19113.01,sales.csv
FIN-01,700000,573.1,ITDemand.csv
FIN-01,700001,8475.95,ITDemand.csv
FIN-01,700002,471.55,ITDemand.csv
FIN-01,700003,7761.84,ITDemand.csv
FIN-01,800000,5458.88,sales.csv
FIN-01,800001,1227.93,sales.csv
FIN-01,800002,4302.04,sales.csv
ACC-01,100000,19133.56,sales.csv
ACC-01,100001,4974.73,sales.csv
ACC-01,200000,45727.25,sales.csv
ACC-01,400000,11.93,sales.csv
ACC-01,400001,15.2,sales.csv
ACC-01,500000,42120.85,sales.csv
ACC-01,600000,28916.29,sales.csv
ACC-01,600001,40130.09,sales.csv
ACC-01,600002,42322.94,sales.csv
ACC-01,700000,489.19,ITDemand.csv
ACC-01,700001,5018.34,ITDemand.csv
ACC-01,700002,2665.59,ITDemand.csv
ACC-01,700003,8205.77,ITDemand.csv
ACC-01,800000,2350.43,sales.csv
ACC-01,800001,821.8,sales.csv
ACC-01,800002,1659.11,sales.csv
IT-01,100000,42833.54,ITDemand.csv
IT-01,100001,11136.72,ITDemand.csv
IT-01,200000,24471.22,ITDemand.csv
IT-01,400000,397.79,ITDemand.csv
IT-01,400001,409.41,ITDemand.csv
IT-01,500000,14506.86,ITDemand.csv
IT-01,600000,15816.02,ITDemand.csv
IT-01,600001,28858.28,ITDemand.csv
IT-01,600002,31249,ITDemand.csv
IT-01,700000,9811.52,ITDemand.csv
IT-01,700001,264.08,ITDemand.csv
IT-01,700002,3528.39,ITDemand.csv
IT-01,700003,9547,ITDemand.csv
IT-01,800000,5993.87,ITDemand.csv
IT-01,800001,8136.16,ITDemand.csv
IT-01,800002,4962.59,ITDemand.csv
PS-01,100000,59577.97,implementation.csv
PS-01,100001,15490.27,implementation.csv
PS-01,200000,71446.13,implementation.csv
PS-01,400000,433.1,implementation.csv
PS-01,400001,797.26,implementation.csv
PS-01,500000,33736.47,implementation.csv
PS-01,600000,21897.46,implementation.csv
PS-01,600001,24622.69,implementation.csv
PS-01,600002,28959.98,implementation.csv
PS-01,700000,8359.23,implementation.csv
PS-01,700001,3815.34,implementation.csv
PS-01,700002,9519.15,implementation.csv
PS-01,700003,7367.7,implementation.csv
PS-01,800000,7004.87,implementation.csv
PS-01,800001,4637.23,implementation.csv
PS-01,800002,5160.45,implementation.csv
IS-01,100000,71015.1,payroll.csv
IS-01,100001,18463.93,payroll.csv
IS-01,200000,37458.87,payroll.csv
IS-01,400000,947.84,payroll.csv
IS-01,400001,859.85,payroll.csv
IS-01,500000,41955.53,payroll.csv
IS-01,600000,4320.38,payroll.csv
IS-01,600001,35608.66,payroll.csv
IS-01,600002,25430.37,payroll.csv
IS-01,700000,536.04,payroll.csv
IS-01,700001,9661.95,payroll.csv
IS-01,700002,6997.38,payroll.csv
IS-01,700003,3756.96,payroll.csv
IS-01,800000,7270.82,payroll.csv
IS-01,800001,2716.36,payroll.csv
IS-01,800002,3899.35,payroll.csv
Exec-Office-01,100000,54656.52,sales.csv
Exec-Office-01,100001,14210.7,sales.csv
Exec-Office-01,200000,45078.83,sales.csv
Exec-Office-01,400000,385.16,sales.csv
Exec-Office-01,400001,13,sales.csv
Exec-Office-01,500000,36582.59,sales.csv
Exec-Office-01,600000,33142.76,sales.csv
Exec-Office-01,600001,15958.61,sales.csv
Exec-Office-01,600002,17664.69,sales.csv
Exec-Office-01,700000,4277.98,sales.csv
Exec-Office-01,700001,8964.81,sales.csv
Exec-Office-01,700002,4797.44,sales.csv
Exec-Office-01,700003,9828.21,sales.csv
Exec-Office-01,800000,6575.83,sales.csv
Exec-Office-01,800001,2728.23,sales.csv
Exec-Office-01,800002,1995.53,sales.csv
LEG-01,100000,42384.21,sales.csv
LEG-01,100001,11019.89,sales.csv
LEG-01,200000,51928.23,sales.csv
LEG-01,400000,21.12,sales.csv
LEG-01,400001,54.14,sales.csv
LEG-01,500000,17844.77,sales.csv
LEG-01,600000,15146.6,sales.csv
LEG-01,600001,26931.15,sales.csv
LEG-01,600002,43823.99,sales.csv
LEG-01,700000,7153.1,ITDemand.csv
LEG-01,700001,755.48,ITDemand.csv
LEG-01,700002,1830.2,ITDemand.csv
LEG-01,700003,2839.92,ITDemand.csv
LEG-01,800000,2124.83,sales.csv
LEG-01,800001,2952.41,sales.csv
LEG-01,800002,6068.86,sales.csv
TAX-01,100000,94821.86,sales.csv
TAX-01,100001,24653.68,sales.csv
TAX-01,200000,75577.65,sales.csv
TAX-01,400000,942.64,sales.csv
TAX-01,400001,857.22,sales.csv
TAX-01,500000,25074.08,sales.csv
TAX-01,600000,944.57,sales.csv
TAX-01,600001,6816.46,sales.csv
TAX-01,600002,14757.59,sales.csv
TAX-01,700000,9384.18,ITDemand.csv
TAX-01,700001,3695.3,ITDemand.csv
TAX-01,700002,2850.99,ITDemand.csv
TAX-01,700003,2706.36,ITDemand.csv
TAX-01,800000,9163.87,sales.csv
TAX-01,800001,3566.86,sales.csv
TAX-01,800002,2223.76,sales.csv
Sales-01,100000,66922.74,sales.csv
Sales-01,100001,17399.91,sales.csv
Sales-01,200000,64249.09,sales.csv
Sales-01,400000,21.48,sales.csv
Sales-01,400001,530.15,sales.csv
Sales-01,500000,27596.28,sales.csv
Sales-01,600000,16463.3,sales.csv
Sales-01,600001,32794.59,sales.csv
Sales-01,600002,13990.61,sales.csv
Sales-01,700000,7228.93,ITDemand.csv
Sales-01,700001,800.3,ITDemand.csv
Sales-01,700002,9273.51,ITDemand.csv
Sales-01,700003,4740.52,ITDemand.csv
Sales-01,800000,678.04,phones.csv
Sales-01,800001,5855.73,phones.csv
Sales-01,800002,1021.68,phones.csv
Sales-02,100000,15261.31,sales.csv
Sales-02,100001,3967.94,sales.csv
Sales-02,200000,78417.22,sales.csv
Sales-02,400000,408.29,sales.csv
Sales-02,400001,544.37,sales.csv
Sales-02,500000,4578.22,sales.csv
Sales-02,600000,21133.31,sales.csv
Sales-02,600001,31002.04,sales.csv
Sales-02,600002,8684.98,sales.csv
Sales-02,700000,551.67,sales.csv
Sales-02,700001,3039.23,sales.csv
Sales-02,700002,528.43,sales.csv
Sales-02,700003,855.17,sales.csv
Sales-02,800000,6348.89,sales.csv
Sales-02,800001,8954.77,sales.csv
Sales-02,800002,1034.1,sales.csv
Sales-03,100000,16411.91,sales.csv
Sales-03,100001,4267.1,sales.csv
Sales-03,200000,62973.89,sales.csv
Sales-03,400000,312.78,sales.csv
Sales-03,400001,248.7,sales.csv
Sales-03,500000,42284.04,sales.csv
Sales-03,600000,5819.69,sales.csv
Sales-03,600001,19514.78,sales.csv
Sales-03,600002,16675.47,sales.csv
Sales-03,700000,2936.62,sales.csv
Sales-03,700001,2710.8,sales.csv
Sales-03,700002,4177.88,sales.csv
Sales-03,700003,1766.9,sales.csv
Sales-03,800000,6030.19,sales.csv
Sales-03,800001,3180.42,sales.csv
Sales-03,800002,4035.1,sales.csv
Sales-04,100000,15543.57,sales.csv
Sales-04,100001,4041.33,sales.csv
Sales-04,200000,1347.29,sales.csv
Sales-04,400000,848.06,sales.csv
Sales-04,400001,783.67,sales.csv
Sales-04,500000,21833.18,sales.csv
Sales-04,600000,40848.66,sales.csv
Sales-04,600001,43913.27,sales.csv
Sales-04,600002,23523.12,sales.csv
Sales-04,700000,4205.47,ITDemand.csv
Sales-04,700001,6729.07,ITDemand.csv
Sales-04,700002,7861.74,ITDemand.csv
Sales-04,700003,7316.17,ITDemand.csv
Sales-04,800000,8593.85,phones.csv
Sales-04,800001,2213.31,phones.csv
Sales-04,800002,944.7,phones.csv
Sales-05,100000,81355.33,sales.csv
Sales-05,100001,21152.39,sales.csv
Sales-05,200000,75336.63,sales.csv
Sales-05,400000,49.54,sales.csv
Sales-05,400001,206.96,sales.csv
Sales-05,500000,3079.87,sales.csv
Sales-05,600000,17433.81,sales.csv
Sales-05,600001,24675.5,sales.csv
Sales-05,600002,29601.01,sales.csv
Sales-05,700000,1365.59,ITDemand.csv
Sales-05,700001,224.94,ITDemand.csv
Sales-05,700002,4841.67,ITDemand.csv
Sales-05,700003,426.12,ITDemand.csv
Sales-05,800000,8507.95,sales.csv
Sales-05,800001,2728.24,sales.csv
Sales-05,800002,3080.9,sales.csv
Marketing-01,100000,37234.42,sales.csv
Marketing-01,100001,9680.95,sales.csv
Marketing-01,200000,75809.82,sales.csv
Marketing-01,400000,634.22,sales.csv
Marketing-01,400001,563.31,sales.csv
Marketing-01,500000,24158.23,sales.csv
Marketing-01,600000,7130.25,sales.csv
Marketing-01,600001,1796.96,sales.csv
Marketing-01,600002,34795.63,sales.csv
Marketing-01,700000,1001.76,ITDemand.csv
Marketing-01,700001,745.61,ITDemand.csv
Marketing-01,700002,7536.52,ITDemand.csv
Marketing-01,700003,9189.41,ITDemand.csv
Marketing-01,800000,9995.62,sales.csv
Marketing-01,800001,253.43,sales.csv
Marketing-01,800002,8188.3,sales.csv
Marketing-02,100000,82829.62,sales.csv
Marketing-02,100001,21535.7,sales.csv
Marketing-02,200000,25236.21,sales.csv
Marketing-02,400000,305.71,sales.csv
Marketing-02,400001,208.43,sales.csv
Marketing-02,500000,42100.86,sales.csv
Marketing-02,600000,23755.07,sales.csv
Marketing-02,600001,17920.94,sales.csv
Marketing-02,600002,35964.56,sales.csv
Marketing-02,700000,2709.32,ITDemand.csv
Marketing-02,700001,7601.98,ITDemand.csv
Marketing-02,700002,9335.65,ITDemand.csv
Marketing-02,700003,7600.94,ITDemand.csv
Marketing-02,800000,5570.47,sales.csv
Marketing-02,800001,5984.48,sales.csv
Marketing-02,800002,8909.27,sales.csv
Marketing-03,100000,46928.52,sales.csv
Marketing-03,100001,12201.42,sales.csv
Marketing-03,200000,61136.77,sales.csv
Marketing-03,400000,992.69,sales.csv
Marketing-03,400001,273.26,sales.csv
Marketing-03,500000,23206.62,sales.csv
Marketing-03,600000,13055.38,sales.csv
Marketing-03,600001,31041.34,sales.csv
Marketing-03,600002,987.2,sales.csv
Marketing-03,700000,1027.35,ITDemand.csv
Marketing-03,700001,1650.98,ITDemand.csv
Marketing-03,700002,2978.14,ITDemand.csv
Marketing-03,700003,5487.76,ITDemand.csv
Marketing-03,800000,6192.99,sales.csv
Marketing-03,800001,750.54,sales.csv
Marketing-03,800002,45.49,sales.csv
Product-Mgmt-01,100000,51699.6,implementation.csv
Product-Mgmt-01,100001,13441.9,implementation.csv
Product-Mgmt-01,200000,88630.77,implementation.csv
Product-Mgmt-01,400000,271.1,implementation.csv
Product-Mgmt-01,400001,84.93,implementation.csv
Product-Mgmt-01,500000,34308.01,implementation.csv
Product-Mgmt-01,600000,16157.67,implementation.csv
Product-Mgmt-01,600001,9262.61,implementation.csv
Product-Mgmt-01,600002,30396.99,implementation.csv
Product-Mgmt-01,700000,6824.07,ITDemand.csv
Product-Mgmt-01,700001,4180.38,ITDemand.csv
Product-Mgmt-01,700002,2864.07,ITDemand.csv
Product-Mgmt-01,700003,8183.67,ITDemand.csv
Product-Mgmt-01,800000,5989.35,implementation.csv
Product-Mgmt-01,800001,7820.04,implementation.csv
Product-Mgmt-01,800002,8903.18,implementation.csv
R&D-01,100000,11497.05,implementation.csv
R&D-01,100001,2989.23,implementation.csv
R&D-01,200000,47791.44,implementation.csv
R&D-01,400000,774.53,implementation.csv
R&D-01,400001,376.98,implementation.csv
R&D-01,500000,5928.44,implementation.csv
R&D-01,600000,14356.61,implementation.csv
R&D-01,600001,14611.84,implementation.csv
R&D-01,600002,35965.02,implementation.csv
R&D-01,700000,4507.5,ITDemand.csv
R&D-01,700001,9877.27,ITDemand.csv
R&D-01,700002,228.11,ITDemand.csv
R&D-01,700003,2288.81,ITDemand.csv
R&D-01,800000,5777.31,implementation.csv
R&D-01,800001,9687.32,implementation.csv
R&D-01,800002,7853.05,implementation.csv
R&D-02,100000,33761.26,implementation.csv
R&D-02,100001,8777.93,implementation.csv
R&D-02,200000,64358.23,implementation.csv
R&D-02,400000,593.69,implementation.csv
R&D-02,400001,693.86,implementation.csv
R&D-02,500000,34149.58,implementation.csv
R&D-02,600000,39907.19,implementation.csv
R&D-02,600001,12657.73,implementation.csv
R&D-02,600002,25793.57,implementation.csv
R&D-02,700000,7099.01,ITDemand.csv
R&D-02,700001,795.87,ITDemand.csv
R&D-02,700002,399.39,ITDemand.csv
R&D-02,700003,6200.76,ITDemand.csv
R&D-02,800000,9501.21,implementation.csv
R&D-02,800001,2539.37,implementation.csv
R&D-02,800002,282.19,implementation.csv
R&D-03,100000,11585.13,implementation.csv
R&D-03,100001,3012.13,implementation.csv
R&D-03,200000,47561.28,implementation.csv
R&D-03,400000,288.88,implementation.csv
R&D-03,400001,155.64,implementation.csv
R&D-03,500000,26796,implementation.csv
R&D-03,600000,12568.84,implementation.csv
R&D-03,600001,42561.78,implementation.csv
R&D-03,600002,41069.6,implementation.csv
R&D-03,700000,2496.64,ITDemand.csv
R&D-03,700001,3505.28,ITDemand.csv
R&D-03,700002,7412.31,ITDemand.csv
R&D-03,700003,1510.97,ITDemand.csv
R&D-03,800000,8338.07,implementation.csv
R&D-03,800001,3819.94,implementation.csv
R&D-03,800002,4009,implementation.csv
R&D-04,100000,46718.4,sales.csv
R&D-04,100001,12146.78,sales.csv
R&D-04,200000,84321.45,sales.csv
R&D-04,400000,949.41,sales.csv
R&D-04,400001,834.48,sales.csv
R&D-04,500000,14259.66,sales.csv
R&D-04,600000,42959.01,sales.csv
R&D-04,600001,16158.9,sales.csv
R&D-04,600002,41973.62,sales.csv
R&D-04,700000,1338.27,ITDemand.csv
R&D-04,700001,3106.93,ITDemand.csv
R&D-04,700002,3518.05,ITDemand.csv
R&D-04,700003,3217.07,ITDemand.csv
R&D-04,800000,247.08,sales.csv
R&D-04,800001,4670.55,sales.csv
R&D-04,800002,7034.05,sales.csv
FIN-01,100000,16128.42,sales.csv
FIN-01,100001,4193.39,sales.csv
FIN-01,200000,22705.27,sales.csv
FIN-01,400000,18.36,sales.csv
FIN-01,400001,87.12,sales.csv
FIN-01,500000,43576.79,sales.csv
FIN-01,600000,40391.45,sales.csv
FIN-01,600001,948,sales.csv
FIN-01,600002,338.57,sales.csv
FIN-01,700000,4255.8,ITDemand.csv
FIN-01,700001,4294.93,ITDemand.csv
FIN-01,700002,2091.68,ITDemand.csv
FIN-01,700003,6762.87,ITDemand.csv
FIN-01,800000,2839.16,sales.csv
FIN-01,800001,3081.08,sales.csv
FIN-01,800002,4161.29,sales.csv
ACC-01,100000,9759.98,sales.csv
ACC-01,100001,2537.59,sales.csv
ACC-01,200000,41288.95,sales.csv
ACC-01,400000,261.11,sales.csv
ACC-01,400001,104.97,sales.csv
ACC-01,500000,43519.44,sales.csv
ACC-01,600000,19837.8,sales.csv
ACC-01,600001,19908.07,sales.csv
ACC-01,600002,39006.97,sales.csv
ACC-01,700000,4896.32,ITDemand.csv
ACC-01,700001,4093.61,ITDemand.csv
ACC-01,700002,1057.32,ITDemand.csv
ACC-01,700003,3166.33,ITDemand.csv
ACC-01,800000,4584.2,sales.csv
ACC-01,800001,6524.69,sales.csv
ACC-01,800002,7739.32,sales.csv
IT-01,100000,75625.79,ITDemand.csv
IT-01,100001,19662.71,ITDemand.csv
IT-01,200000,57737.79,ITDemand.csv
IT-01,400000,112.96,ITDemand.csv
IT-01,400001,393.41,ITDemand.csv
IT-01,500000,28568.13,ITDemand.csv
IT-01,600000,37040.38,ITDemand.csv
IT-01,600001,32213.64,ITDemand.csv
IT-01,600002,38062.85,ITDemand.csv
IT-01,700000,9424.42,ITDemand.csv
IT-01,700001,7298.41,ITDemand.csv
IT-01,700002,8599.69,ITDemand.csv
IT-01,700003,8175.31,ITDemand.csv
IT-01,800000,615.07,ITDemand.csv
IT-01,800001,7556.48,ITDemand.csv
IT-01,800002,9208.81,ITDemand.csv
PS-01,100000,16397.38,implementation.csv
PS-01,100001,4263.32,implementation.csv
PS-01,200000,86644.6,implementation.csv
PS-01,400000,867.13,implementation.csv
PS-01,400001,338.89,implementation.csv
PS-01,500000,41726.9,implementation.csv
PS-01,600000,26009.07,implementation.csv
PS-01,600001,293.44,implementation.csv
PS-01,600002,16953.22,implementation.csv
PS-01,700000,5153.4,implementation.csv
PS-01,700001,7543.19,implementation.csv
PS-01,700002,3409.74,implementation.csv
PS-01,700003,5966.08,implementation.csv
PS-01,800000,4199.41,implementation.csv
PS-01,800001,8379.17,implementation.csv
PS-01,800002,8105.17,implementation.csv
IS-01,100000,68355.09,payroll.csv
IS-01,100001,17772.32,payroll.csv
IS-01,200000,99916.38,payroll.csv
IS-01,400000,943.51,payroll.csv
IS-01,400001,111.87,payroll.csv
IS-01,500000,24672.53,payroll.csv
IS-01,600000,21568.18,payroll.csv
IS-01,600001,11266.58,payroll.csv
IS-01,600002,34767.98,payroll.csv
IS-01,700000,8941.78,payroll.csv
IS-01,700001,8570.33,payroll.csv
IS-01,700002,3908.13,payroll.csv
IS-01,700003,6248.76,payroll.csv
IS-01,800000,3005.53,payroll.csv
IS-01,800001,6799.13,payroll.csv
IS-01,800002,8360.41,payroll.csv
Exec-Office-01,100000,20220.69,sales.csv
Exec-Office-01,100001,5257.38,sales.csv
Exec-Office-01,200000,92710.07,sales.csv
Exec-Office-01,400000,412.19,sales.csv
Exec-Office-01,400001,70.16,sales.csv
Exec-Office-01,500000,26431.78,sales.csv
Exec-Office-01,600000,25514.3,sales.csv
Exec-Office-01,600001,35293.19,sales.csv
Exec-Office-01,600002,42735.84,sales.csv
Exec-Office-01,700000,1395.94,sales.csv
Exec-Office-01,700001,2467.32,sales.csv
Exec-Office-01,700002,8657.31,sales.csv
Exec-Office-01,700003,6605.35,sales.csv
Exec-Office-01,800000,2685.59,sales.csv
Exec-Office-01,800001,9571,sales.csv
Exec-Office-01,800002,3852.83,sales.csv
LEG-01,100000,54927.72,sales.csv
LEG-01,100001,14281.21,sales.csv
LEG-01,200000,75647.98,sales.csv
LEG-01,400000,357.22,sales.csv
LEG-01,400001,921.17,sales.csv
LEG-01,500000,13997.73,sales.csv
LEG-01,600000,8671,sales.csv
LEG-01,600001,5792.92,sales.csv
LEG-01,600002,36693.49,sales.csv
LEG-01,700000,9588.96,ITDemand.csv
LEG-01,700001,550.55,ITDemand.csv
LEG-01,700002,3015.08,ITDemand.csv
LEG-01,700003,1429.2,ITDemand.csv
LEG-01,800000,5162.73,sales.csv
LEG-01,800001,475.84,sales.csv
LEG-01,800002,7827.13,sales.csv
TAX-01,100000,63262.82,sales.csv
TAX-01,100001,16448.33,sales.csv
TAX-01,200000,28979.25,sales.csv
TAX-01,400000,826.74,sales.csv
TAX-01,400001,244.85,sales.csv
TAX-01,500000,1426.14,sales.csv
TAX-01,600000,11814.65,sales.csv
TAX-01,600001,12843.55,sales.csv
TAX-01,600002,14621.02,sales.csv
TAX-01,700000,9730.06,ITDemand.csv
TAX-01,700001,6308.69,ITDemand.csv
TAX-01,700002,2673.36,ITDemand.csv
TAX-01,700003,3947.86,ITDemand.csv
TAX-01,800000,838,sales.csv
TAX-01,800001,8663.39,sales.csv
TAX-01,800002,6150.67,sales.csv
Sales-01,100000,44191.87,sales.csv
Sales-01,100001,11489.89,sales.csv
Sales-01,200000,35560.85,sales.csv
Sales-01,400000,744.25,sales.csv
Sales-01,400001,251.14,sales.csv
Sales-01,500000,1928.42,sales.csv
Sales-01,600000,20619.97,sales.csv
Sales-01,600001,16154.13,sales.csv
Sales-01,600002,43755.14,sales.csv
Sales-01,700000,7198.46,ITDemand.csv
Sales-01,700001,6564.69,ITDemand.csv
Sales-01,700002,3356.23,ITDemand.csv
Sales-01,700003,4705.11,ITDemand.csv
Sales-01,800000,4086.39,phones.csv
Sales-01,800001,8448.89,phones.csv
Sales-01,800002,2297.36,phones.csv
Sales-02,100000,68515.94,sales.csv
Sales-02,100001,17814.14,sales.csv
Sales-02,200000,22024.04,sales.csv
Sales-02,400000,54.42,sales.csv
Sales-02,400001,148.09,sales.csv
Sales-02,500000,24502.38,sales.csv
Sales-02,600000,578.18,sales.csv
Sales-02,600001,13706.91,sales.csv
Sales-02,600002,10830.52,sales.csv
Sales-02,700000,5970.16,sales.csv
Sales-02,700001,7624.06,sales.csv
Sales-02,700002,1646.67,sales.csv
Sales-02,700003,506.09,sales.csv
Sales-02,800000,5061.98,sales.csv
Sales-02,800001,5339.1,sales.csv
Sales-02,800002,1269.96,sales.csv
Sales-03,100000,28506.22,sales.csv
Sales-03,100001,7411.62,sales.csv
Sales-03,200000,39736.05,sales.csv
Sales-03,400000,967.68,sales.csv
Sales-03,400001,347.05,sales.csv
Sales-03,500000,31442.82,sales.csv
Sales-03,600000,15797.47,sales.csv
Sales-03,600001,24239.38,sales.csv
Sales-03,600002,42753.23,sales.csv
Sales-03,700000,3393.85,sales.csv
Sales-03,700001,9506.24,sales.csv
Sales-03,700002,7741.84,sales.csv
Sales-03,700003,9965.29,sales.csv
Sales-03,800000,7888.61,sales.csv
Sales-03,800001,4070.86,sales.csv
Sales-03,800002,5003.78,sales.csv
Sales-04,100000,92119.81,sales.csv
Sales-04,100001,23951.15,sales.csv
Sales-04,200000,89760.72,sales.csv
Sales-04,400000,160.54,sales.csv
Sales-04,400001,424.61,sales.csv
Sales-04,500000,26452.6,sales.csv
Sales-04,600000,5085.15,sales.csv
Sales-04,600001,14631.24,sales.csv
Sales-04,600002,28134.24,sales.csv
Sales-04,700000,8124.61,ITDemand.csv
Sales-04,700001,3349.07,ITDemand.csv
Sales-04,700002,9280.15,ITDemand.csv
Sales-04,700003,2668.97,ITDemand.csv
Sales-04,800000,5230.99,phones.csv
Sales-04,800001,4927.52,phones.csv
Sales-04,800002,3916.3,phones.csv
Sales-05,100000,93888.96,sales.csv
Sales-05,100001,24411.13,sales.csv
Sales-05,200000,56909.15,sales.csv
Sales-05,400000,912.15,sales.csv
Sales-05,400001,406,sales.csv
Sales-05,500000,30501.81,sales.csv
Sales-05,600000,28529.32,sales.csv
Sales-05,600001,4431.97,sales.csv
Sales-05,600002,19142.47,sales.csv
Sales-05,700000,9127.3,ITDemand.csv
Sales-05,700001,500.94,ITDemand.csv
Sales-05,700002,8260.18,ITDemand.csv
Sales-05,700003,1363.96,ITDemand.csv
Sales-05,800000,8469.07,sales.csv
Sales-05,800001,8169.75,sales.csv
Sales-05,800002,795.71,sales.csv
Marketing-01,100000,24355.31,sales.csv
Marketing-01,100001,6332.38,sales.csv
Marketing-01,200000,76380.39,sales.csv
Marketing-01,400000,383.79,sales.csv
Marketing-01,400001,633.79,sales.csv
Marketing-01,500000,16286.85,sales.csv
Marketing-01,600000,33884.18,sales.csv
Marketing-01,600001,36006.04,sales.csv
Marketing-01,600002,11219.66,sales.csv
Marketing-01,700000,979.76,ITDemand.csv
Marketing-01,700001,5610.05,ITDemand.csv
Marketing-01,700002,2498.32,ITDemand.csv
Marketing-01,700003,3519.85,ITDemand.csv
Marketing-01,800000,3308.76,sales.csv
Marketing-01,800001,5746.56,sales.csv
Marketing-01,800002,2052.33,sales.csv
Marketing-02,100000,93714.58,sales.csv
Marketing-02,100001,24365.79,sales.csv
Marketing-02,200000,76617.02,sales.csv
Marketing-02,400000,18.64,sales.csv
Marketing-02,400001,896.82,sales.csv
Marketing-02,500000,38352.48,sales.csv
Marketing-02,600000,12689.63,sales.csv
Marketing-02,600001,8946.67,sales.csv
Marketing-02,600002,14146.98,sales.csv
Marketing-02,700000,7072.89,ITDemand.csv
Marketing-02,700001,5274.07,ITDemand.csv
Marketing-02,700002,3755.83,ITDemand.csv
Marketing-02,700003,437.72,ITDemand.csv
Marketing-02,800000,525.01,sales.csv
Marketing-02,800001,1694.29,sales.csv
Marketing-02,800002,8484.82,sales.csv
Marketing-03,100000,5661.31,sales.csv
Marketing-03,100001,1471.94,sales.csv
Marketing-03,200000,54890.67,sales.csv
Marketing-03,400000,391.58,sales.csv
Marketing-03,400001,513.92,sales.csv
Marketing-03,500000,40432.3,sales.csv
Marketing-03,600000,40983.28,sales.csv
Marketing-03,600001,37838.16,sales.csv
Marketing-03,600002,10778.21,sales.csv
Marketing-03,700000,9285.22,ITDemand.csv
Marketing-03,700001,9450.55,ITDemand.csv
Marketing-03,700002,3998.68,ITDemand.csv
Marketing-03,700003,1416.88,ITDemand.csv
Marketing-03,800000,6561.38,sales.csv
Marketing-03,800001,4069.11,sales.csv
Marketing-03,800002,9944.51,sales.csv
Product-Mgmt-01,100000,94248.61,implementation.csv
Product-Mgmt-01,100001,24504.64,implementation.csv
Product-Mgmt-01,200000,90073.88,implementation.csv
Product-Mgmt-01,400000,246.63,implementation.csv
Product-Mgmt-01,400001,566.22,implementation.csv
Product-Mgmt-01,500000,25082.26,implementation.csv
Product-Mgmt-01,600000,10059.13,implementation.csv
Product-Mgmt-01,600001,13739.36,implementation.csv
Product-Mgmt-01,600002,29200.59,implementation.csv
Product-Mgmt-01,700000,9794.23,ITDemand.csv
Product-Mgmt-01,700001,6713.22,ITDemand.csv
Product-Mgmt-01,700002,6227.4,ITDemand.csv
Product-Mgmt-01,700003,20.96,ITDemand.csv
Product-Mgmt-01,800000,6370.19,implementation.csv
Product-Mgmt-01,800001,5213.82,implementation.csv
Product-Mgmt-01,800002,5448.19,implementation.csv
R&D-01,100000,56845.08,implementation.csv
R&D-01,100001,14779.72,implementation.csv
R&D-01,200000,92025.34,implementation.csv
R&D-01,400000,5.83,implementation.csv
R&D-01,400001,101.26,implementation.csv
R&D-01,500000,43128.11,implementation.csv
R&D-01,600000,39338.7,implementation.csv
R&D-01,600001,43629.8,implementation.csv
R&D-01,600002,32935.9,implementation.csv
R&D-01,700000,160.03,ITDemand.csv
R&D-01,700001,6653.48,ITDemand.csv
R&D-01,700002,3909.09,ITDemand.csv
R&D-01,700003,1384.31,ITDemand.csv
R&D-01,800000,3448.53,implementation.csv
R&D-01,800001,6781.25,implementation.csv
R&D-01,800002,6134.67,implementation.csv
R&D-02,100000,29485.3,implementation.csv
R&D-02,100001,7666.18,implementation.csv
R&D-02,200000,57812.7,implementation.csv
R&D-02,400000,371.25,implementation.csv
R&D-02,400001,689.84,implementation.csv
R&D-02,500000,8104.71,implementation.csv
R&D-02,600000,1884.51,implementation.csv
R&D-02,600001,10808.21,implementation.csv
R&D-02,600002,29388.33,implementation.csv
R&D-02,700000,3550.94,ITDemand.csv
R&D-02,700001,8719.75,ITDemand.csv
R&D-02,700002,4990.04,ITDemand.csv
R&D-02,700003,5045.95,ITDemand.csv
R&D-02,800000,7182.42,implementation.csv
R&D-02,800001,637.55,implementation.csv
R&D-02,800002,421.1,implementation.csv
R&D-03,100000,55403.71,implementation.csv
R&D-03,100001,14404.96,implementation.csv
R&D-03,200000,74825.44,implementation.csv
R&D-03,400000,888.36,implementation.csv
R&D-03,400001,988.78,implementation.csv
R&D-03,500000,24134.17,implementation.csv
R&D-03,600000,38342.73,implementation.csv
R&D-03,600001,285.89,implementation.csv
R&D-03,600002,38185.09,implementation.csv
R&D-03,700000,9540.57,ITDemand.csv
R&D-03,700001,4581.83,ITDemand.csv
R&D-03,700002,598.66,ITDemand.csv
R&D-03,700003,6351.88,ITDemand.csv
R&D-03,800000,3748.89,implementation.csv
R&D-03,800001,4703.86,implementation.csv
R&D-03,800002,6971.68,implementation.csv
R&D-04,100000,2890.9,sales.csv
R&D-04,100001,751.63,sales.csv
R&D-04,200000,20664.74,sales.csv
R&D-04,400000,153.67,sales.csv
R&D-04,400001,927.16,sales.csv
R&D-04,500000,12879.9,sales.csv
R&D-04,600000,5617.52,sales.csv
R&D-04,600001,25874.53,sales.csv
R&D-04,600002,17621.78,sales.csv
R&D-04,700000,1192.78,ITDemand.csv
R&D-04,700001,3466.09,ITDemand.csv
R&D-04,700002,6555.49,ITDemand.csv
R&D-04,700003,4228.73,ITDemand.csv
R&D-04,800000,1252.84,sales.csv
R&D-04,800001,3450.03,sales.csv
R&D-04,800002,2819.82,sales.csv
FIN-01,100000,44301.75,sales.csv
FIN-01,100001,11518.46,sales.csv
FIN-01,200000,26043.99,sales.csv
FIN-01,400000,689.85,sales.csv
FIN-01,400001,370.33,sales.csv
FIN-01,500000,3114.88,sales.csv
FIN-01,600000,17203.69,sales.csv
FIN-01,600001,20019.61,sales.csv
FIN-01,600002,41109.44,sales.csv
FIN-01,700000,4829.44,ITDemand.csv
FIN-01,700001,2218.18,ITDemand.csv
FIN-01,700002,2690.08,ITDemand.csv
FIN-01,700003,6249.75,ITDemand.csv
FIN-01,800000,862.25,sales.csv
FIN-01,800001,7664.27,sales.csv
FIN-01,800002,6020.19,sales.csv
ACC-01,100000,12612.56,sales.csv
ACC-01,100001,3279.27,sales.csv
ACC-01,200000,84060.49,sales.csv
ACC-01,400000,273.69,sales.csv
ACC-01,400001,526.1,sales.csv
ACC-01,500000,8922.66,sales.csv
ACC-01,600000,32054.17,sales.csv
ACC-01,600001,38688.06,sales.csv
ACC-01,600002,17508.38,sales.csv
ACC-01,700000,4093.02,ITDemand.csv
ACC-01,700001,8993.46,ITDemand.csv
ACC-01,700002,1546.85,ITDemand.csv
ACC-01,700003,6442.22,ITDemand.csv
ACC-01,800000,8688.51,sales.csv
ACC-01,800001,5219.59,sales.csv
ACC-01,800002,8225.46,sales.csv
IT-01,100000,38823.44,ITDemand.csv
IT-01,100001,10094.09,ITDemand.csv
IT-01,200000,3270.9,ITDemand.csv
IT-01,400000,209.44,ITDemand.csv
IT-01,400001,894.4,ITDemand.csv
IT-01,500000,28318.46,ITDemand.csv
IT-01,600000,30260.92,ITDemand.csv
IT-01,600001,1788.69,ITDemand.csv
IT-01,600002,23345.66,ITDemand.csv
IT-01,700000,6721.48,ITDemand.csv
IT-01,700001,7687.65,ITDemand.csv
IT-01,700002,5217.38,ITDemand.csv
IT-01,700003,9617.21,ITDemand.csv
IT-01,800000,9093.76,ITDemand.csv
IT-01,800001,2717.9,ITDemand.csv
IT-01,800002,3152,ITDemand.csv
PS-01,100000,93005.96,implementation.csv
PS-01,100001,24181.55,implementation.csv
PS-01,200000,23437.91,implementation.csv
PS-01,400000,252.48,implementation.csv
PS-01,400001,846.68,implementation.csv
PS-01,500000,941.67,implementation.csv
PS-01,600000,22344.5,implementation.csv
PS-01,600001,43842.17,implementation.csv
PS-01,600002,26988.38,implementation.csv
PS-01,700000,3734.93,implementation.csv
PS-01,700001,3379.74,implementation.csv
PS-01,700002,150.28,implementation.csv
PS-01,700003,8596.21,implementation.csv
PS-01,800000,3046.62,implementation.csv
PS-01,800001,4502.6,implementation.csv
PS-01,800002,9688.67,implementation.csv
IS-01,100000,68504.5,payroll.csv
IS-01,100001,17811.17,payroll.csv
IS-01,200000,31453.29,payroll.csv
IS-01,400000,912.09,payroll.csv
IS-01,400001,94.95,payroll.csv
IS-01,500000,32119.37,payroll.csv
IS-01,600000,18802.72,payroll.csv
IS-01,600001,12272.07,payroll.csv
IS-01,600002,9002.71,payroll.csv
IS-01,700000,9135.63,payroll.csv
IS-01,700001,5857.96,payroll.csv
IS-01,700002,4159.14,payroll.csv
IS-01,700003,3849.78,payroll.csv
IS-01,800000,9691.71,payroll.csv
IS-01,800001,62.36,payroll.csv
IS-01,800002,4598.86,payroll.csv
Exec-Office-01,100000,56684.33,sales.csv
Exec-Office-01,100001,14737.93,sales.csv
Exec-Office-01,200000,92594.3,sales.csv
Exec-Office-01,400000,811.35,sales.csv
Exec-Office-01,400001,700.67,sales.csv
Exec-Office-01,500000,25691.14,sales.csv
Exec-Office-01,600000,33911.24,sales.csv
Exec-Office-01,600001,14420.61,sales.csv
Exec-Office-01,600002,41450.07,sales.csv
Exec-Office-01,700000,5089.47,sales.csv
Exec-Office-01,700001,9431.38,sales.csv
Exec-Office-01,700002,9853.15,sales.csv
Exec-Office-01,700003,2358,sales.csv
Exec-Office-01,800000,8958.61,sales.csv
Exec-Office-01,800001,4738.03,sales.csv
Exec-Office-01,800002,4371.9,sales.csv
LEG-01,100000,86861.68,sales.csv
LEG-01,100001,22584.04,sales.csv
LEG-01,200000,87257.61,sales.csv
LEG-01,400000,641.1,sales.csv
LEG-01,400001,289.7,sales.csv
LEG-01,500000,34816.24,sales.csv
LEG-01,600000,625.14,sales.csv
LEG-01,600001,11465.73,sales.csv
LEG-01,600002,22560.42,sales.csv
LEG-01,700000,1871.16,ITDemand.csv
LEG-01,700001,9997.67,ITDemand.csv
LEG-01,700002,6650.88,ITDemand.csv
LEG-01,700003,9838.87,ITDemand.csv
LEG-01,800000,5125.25,sales.csv
LEG-01,800001,5524.84,sales.csv
LEG-01,800002,7123.67,sales.csv
TAX-01,100000,49541.87,sales.csv
TAX-01,100001,12880.89,sales.csv
TAX-01,200000,56724.64,sales.csv
TAX-01,400000,713.98,sales.csv
TAX-01,400001,274.01,sales.csv
TAX-01,500000,21902.44,sales.csv
TAX-01,600000,18264.24,sales.csv
TAX-01,600001,30792.35,sales.csv
TAX-01,600002,18157.92,sales.csv
TAX-01,700000,1596.16,ITDemand.csv
TAX-01,700001,5759.33,ITDemand.csv
TAX-01,700002,8649.51,ITDemand.csv
TAX-01,700003,6115.85,ITDemand.csv
TAX-01,800000,8728.53,sales.csv
TAX-01,800001,7627.47,sales.csv
TAX-01,800002,9703.58,sales.csv
