CostCenter,cost,BPA
Sales-01,24513.39,implementation.csv
Sales-01,6373.48,implementation.csv
Sales-01,34200.09,implementation.csv
Sales-01,980.56,implementation.csv
Sales-01,627.67,implementation.csv
Sales-01,24967.36,implementation.csv
Sales-01,27856.25,implementation.csv
Sales-01,40625.14,implementation.csv
Sales-01,14575.01,implementation.csv
Sales-01,5056.55,implementation.csv
Sales-01,2849.79,implementation.csv
Sales-01,1520.27,implementation.csv
Sales-01,8021.03,implementation.csv
Sales-01,8905.99,implementation.csv
Sales-01,5003.49,implementation.csv
Sales-01,3514.21,implementation.csv
Sales-02,11511.03,phones.csv
Sales-02,2992.87,phones.csv
Sales-02,92679.17,phones.csv
Sales-02,309.25,phones.csv
Sales-02,689.88,phones.csv
Sales-02,10521.86,phones.csv
Sales-02,2697.82,phones.csv
Sales-02,15493.35,phones.csv
Sales-02,30643.35,phones.csv
Sales-02,8063.62,phones.csv
Sales-02,6822.53,phones.csv
Sales-02,1844.42,phones.csv
Sales-02,8579.75,phones.csv
Sales-02,2877.44,phones.csv
Sales-02,9251.65,phones.csv
Sales-02,6699.3,phones.csv
Sales-03,89364.4,sales.csv
Sales-03,23234.74,sales.csv
Sales-03,73933.51,sales.csv
Sales-03,767.11,sales.csv
Sales-03,519.46,sales.csv
Sales-03,25524.33,sales.csv
Sales-03,1968.75,sales.csv
Sales-03,22456.87,sales.csv
Sales-03,38881.24,sales.csv
Sales-03,6441.41,sales.csv
Sales-03,9500.52,sales.csv
Sales-03,3139.77,sales.csv
Sales-03,1007.56,sales.csv
Sales-03,6881.19,sales.csv
Sales-03,464.34,sales.csv
Sales-03,3753.58,sales.csv
Sales-04,49553.9,payroll.csv
Sales-04,12884.01,payroll.csv
Sales-04,26633.31,payroll.csv
Sales-04,651.79,payroll.csv
Sales-04,910.93,payroll.csv
Sales-04,16905.68,payroll.csv
Sales-04,26820.82,payroll.csv
Sales-04,13558.68,payroll.csv
Sales-04,28137.73,payroll.csv
Sales-04,9908.93,payroll.csv
Sales-04,2399.52,payroll.csv
Sales-04,1942.54,payroll.csv
Sales-04,2105.35,payroll.csv
Sales-04,958.85,payroll.csv
Sales-04,1665.89,payroll.csv
Sales-04,9455.95,payroll.csv
Sales-05,26660.98,payroll.csv
Sales-05,6931.85,payroll.csv
Sales-05,71187.79,payroll.csv
Sales-05,84.26,payroll.csv
Sales-05,516.86,payroll.csv
Sales-05,3607.79,payroll.csv
Sales-05,20100.63,payroll.csv
Sales-05,29670.83,payroll.csv
Sales-05,23211.49,payroll.csv
Sales-05,506.02,payroll.csv
Sales-05,4750.97,payroll.csv
Sales-05,1522.83,payroll.csv
Sales-05,6908,payroll.csv
Sales-05,6095.73,payroll.csv
Sales-05,6012.85,payroll.csv
Sales-05,3535.07,payroll.csv
Marketing-01,66887.37,payroll.csv
Marketing-01,17390.72,payroll.csv
Marketing-01,49055.81,payroll.csv
Marketing-01,845.77,payroll.csv
Marketing-01,461.83,payroll.csv
Marketing-01,11253.06,payroll.csv
Marketing-01,7440.4,payroll.csv
Marketing-01,33092.83,payroll.csv
Marketing-01,13690.66,payroll.csv
Marketing-01,3916.33,payroll.csv
Marketing-01,413.72,payroll.csv
Marketing-01,9456.19,payroll.csv
Marketing-01,5175.16,payroll.csv
Marketing-01,9448.98,payroll.csv
Marketing-01,6620.53,payroll.csv
Marketing-01,3736.34,payroll.csv
Marketing-02,79037.68,implementation.csv
Marketing-02,20549.8,implementation.csv
Marketing-02,85016.9,implementation.csv
Marketing-02,517.05,implementation.csv
Marketing-02,949.02,implementation.csv
Marketing-02,40520.32,implementation.csv
Marketing-02,3870,implementation.csv
Marketing-02,14260.03,implementation.csv
Marketing-02,5072.35,implementation.csv
Marketing-02,4484.09,implementation.csv
Marketing-02,9522.98,implementation.csv
Marketing-02,8975.81,implementation.csv
Marketing-02,2909.99,implementation.csv
Marketing-02,1290.08,implementation.csv
Marketing-02,1023.41,implementation.csv
Marketing-02,789.1,implementation.csv
Marketing-03,6876.37,phones.csv
Marketing-03,1787.86,phones.csv
Marketing-03,53233.38,phones.csv
Marketing-03,897.67,phones.csv
Marketing-03,465.02,phones.csv
Marketing-03,41000.03,phones.csv
Marketing-03,23210.59,phones.csv
Marketing-03,34471.23,phones.csv
Marketing-03,18843.06,phones.csv
Marketing-03,6802.09,phones.csv
Marketing-03,9113.01,phones.csv
Marketing-03,5146.27,phones.csv
Marketing-03,5246.06,phones.csv
Marketing-03,3394.76,phones.csv
Marketing-03,7490.47,phones.csv
Marketing-03,1382.35,phones.csv
Product-Mgmt-01,94463.3,sales.csv
Product-Mgmt-01,24560.46,sales.csv
Product-Mgmt-01,85286.88,sales.csv
Product-Mgmt-01,375.92,sales.csv
Product-Mgmt-01,295.84,sales.csv
Product-Mgmt-01,27217.35,sales.csv
Product-Mgmt-01,28445.35,sales.csv
Product-Mgmt-01,24552.2,sales.csv
Product-Mgmt-01,38044.14,sales.csv
Product-Mgmt-01,1475.85,sales.csv
Product-Mgmt-01,4554.87,sales.csv
Product-Mgmt-01,1058.28,sales.csv
Product-Mgmt-01,4119.74,sales.csv
Product-Mgmt-01,2171.86,sales.csv
Product-Mgmt-01,9494.86,sales.csv
Product-Mgmt-01,1653.13,sales.csv
R&D-01,9523.16,ITDemand.csv
R&D-01,2476.02,ITDemand.csv
R&D-01,22413.1,ITDemand.csv
R&D-01,6.71,ITDemand.csv
R&D-01,531.5,ITDemand.csv
R&D-01,16450.23,ITDemand.csv
R&D-01,24294.57,ITDemand.csv
R&D-01,26987.94,ITDemand.csv
R&D-01,29792.13,ITDemand.csv
R&D-01,3334.59,ITDemand.csv
R&D-01,8409.58,ITDemand.csv
R&D-01,2550.95,ITDemand.csv
R&D-01,6113.46,ITDemand.csv
R&D-01,750.71,ITDemand.csv
R&D-01,1176.71,ITDemand.csv
R&D-01,8688.92,ITDemand.csv
R&D-02,80847.74,ITDemand.csv
R&D-02,21020.41,ITDemand.csv
R&D-02,56494.53,ITDemand.csv
R&D-02,845.39,ITDemand.csv
R&D-02,406.63,ITDemand.csv
R&D-02,26221.73,ITDemand.csv
R&D-02,21285.89,ITDemand.csv
R&D-02,12224.63,ITDemand.csv
R&D-02,23193.07,ITDemand.csv
R&D-02,5045.45,ITDemand.csv
R&D-02,3696.82,ITDemand.csv
R&D-02,3984.14,ITDemand.csv
R&D-02,6144.41,ITDemand.csv
R&D-02,6190.68,ITDemand.csv
R&D-02,3985.21,ITDemand.csv
R&D-02,5609.77,ITDemand.csv
R&D-03,27622.53,ITDemand.csv
R&D-03,7181.86,ITDemand.csv
R&D-03,75009.86,ITDemand.csv
R&D-03,171.11,ITDemand.csv
R&D-03,151.73,ITDemand.csv
R&D-03,37503.76,ITDemand.csv
R&D-03,4596.66,ITDemand.csv
R&D-03,9192.88,ITDemand.csv
R&D-03,17803.66,ITDemand.csv
R&D-03,4256.64,ITDemand.csv
R&D-03,8112.22,ITDemand.csv
R&D-03,279.37,ITDemand.csv
R&D-03,3734.01,ITDemand.csv
R&D-03,3125.74,ITDemand.csv
R&D-03,2422.66,ITDemand.csv
R&D-03,2536.51,ITDemand.csv
R&D-04,37862.33,ITDemand.csv
R&D-04,9844.21,ITDemand.csv
R&D-04,88747.55,ITDemand.csv
R&D-04,733.64,ITDemand.csv
R&D-04,431.65,ITDemand.csv
R&D-04,43405.42,ITDemand.csv
R&D-04,4666.56,ITDemand.csv
R&D-04,22523.85,ITDemand.csv
R&D-04,25837.07,ITDemand.csv
R&D-04,6268.39,ITDemand.csv
R&D-04,8120.74,ITDemand.csv
R&D-04,4302.69,ITDemand.csv
R&D-04,1095.24,ITDemand.csv
R&D-04,6327.01,ITDemand.csv
R&D-04,1149.67,ITDemand.csv
R&D-04,9357.9,ITDemand.csv
FIN-01,400.49,ITDemand.csv
FIN-01,104.13,ITDemand.csv
FIN-01,56430.75,ITDemand.csv
FIN-01,821.12,ITDemand.csv
FIN-01,849.13,ITDemand.csv
FIN-01,3389.91,ITDemand.csv
FIN-01,13461.28,ITDemand.csv
FIN-01,13274.7,ITDemand.csv
FIN-01,33279.01,ITDemand.csv
FIN-01,1685.96,ITDemand.csv
FIN-01,5188.76,ITDemand.csv
FIN-01,1540.87,ITDemand.csv
FIN-01,511.37,ITDemand.csv
FIN-01,1629.22,ITDemand.csv
FIN-01,3697.4,ITDemand.csv
FIN-01,5869.33,ITDemand.csv
ACC-01,99661.9,ITDemand.csv
ACC-01,25912.09,ITDemand.csv
ACC-01,19276.79,ITDemand.csv
ACC-01,741,ITDemand.csv
ACC-01,169.56,ITDemand.csv
ACC-01,43007.34,ITDemand.csv
ACC-01,43810.48,ITDemand.csv
ACC-01,21897.35,ITDemand.csv
ACC-01,24084.02,ITDemand.csv
ACC-01,848.1,ITDemand.csv
ACC-01,238.5,ITDemand.csv
ACC-01,859.8,ITDemand.csv
ACC-01,4915.83,ITDemand.csv
ACC-01,4557.29,ITDemand.csv
ACC-01,6467.35,ITDemand.csv
ACC-01,167.04,ITDemand.csv
IT-01,5478.62,ITDemand.csv
IT-01,1424.44,ITDemand.csv
IT-01,93799.94,ITDemand.csv
IT-01,489.12,ITDemand.csv
IT-01,412.98,ITDemand.csv
IT-01,34823.92,ITDemand.csv
IT-01,24649.07,ITDemand.csv
IT-01,31821.33,ITDemand.csv
IT-01,6019.21,ITDemand.csv
IT-01,3160.17,ITDemand.csv
IT-01,8947.19,ITDemand.csv
IT-01,4009.68,ITDemand.csv
IT-01,1696.66,ITDemand.csv
IT-01,4420,ITDemand.csv
IT-01,9782.73,ITDemand.csv
IT-01,8470.54,ITDemand.csv
PS-01,32789.42,ITDemand.csv
PS-01,8525.25,ITDemand.csv
PS-01,75380.48,ITDemand.csv
PS-01,414.12,ITDemand.csv
PS-01,880.98,ITDemand.csv
PS-01,35149.36,ITDemand.csv
PS-01,18523.55,ITDemand.csv
PS-01,25400.08,ITDemand.csv
PS-01,12141.74,ITDemand.csv
PS-01,3606.01,ITDemand.csv
PS-01,4417.18,ITDemand.csv
PS-01,1413.71,ITDemand.csv
PS-01,2119.07,ITDemand.csv
PS-01,7146.34,ITDemand.csv
PS-01,7048.24,ITDemand.csv
PS-01,7590.48,ITDemand.csv
IS-01,20132,implementation.csv
IS-01,5234.32,implementation.csv
IS-01,53456.64,implementation.csv
IS-01,844.58,implementation.csv
IS-01,111.65,implementation.csv
IS-01,476.15,implementation.csv
IS-01,43120.34,implementation.csv
IS-01,12670.84,implementation.csv
IS-01,41058.02,implementation.csv
IS-01,3734.61,implementation.csv
IS-01,9903.57,implementation.csv
IS-01,7958.38,implementation.csv
IS-01,2977.06,implementation.csv
IS-01,28.64,implementation.csv
IS-01,4602.6,implementation.csv
IS-01,4244.65,implementation.csv
Exec-Office-01,60732.84,phones.csv
Exec-Office-01,15790.54,phones.csv
Exec-Office-01,32855.06,phones.csv
Exec-Office-01,455.39,phones.csv
Exec-Office-01,414.8,phones.csv
Exec-Office-01,44928.4,phones.csv
Exec-Office-01,3538.88,phones.csv
Exec-Office-01,2101.23,phones.csv
Exec-Office-01,19172.12,phones.csv
Exec-Office-01,4215.5,phones.csv
Exec-Office-01,8345.23,phones.csv
Exec-Office-01,6578.88,phones.csv
Exec-Office-01,5230.34,phones.csv
Exec-Office-01,8157.1,phones.csv
Exec-Office-01,3339.09,phones.csv
Exec-Office-01,3292.87,phones.csv
LEG-01,56021.81,sales.csv
LEG-01,14565.67,sales.csv
LEG-01,17288.62,sales.csv
LEG-01,274.45,sales.csv
LEG-01,591.42,sales.csv
LEG-01,3773.65,sales.csv
LEG-01,21337.7,sales.csv
LEG-01,7454.5,sales.csv
LEG-01,39087.87,sales.csv
LEG-01,3762.21,sales.csv
LEG-01,5158.1,sales.csv
LEG-01,4781.37,sales.csv
LEG-01,4118.57,sales.csv
LEG-01,3103.62,sales.csv
LEG-01,5116.17,sales.csv
LEG-01,6283.45,sales.csv
TAX-01,75513.17,payroll.csv
TAX-01,19633.42,payroll.csv
TAX-01,42760.95,payroll.csv
TAX-01,125.42,payroll.csv
TAX-01,450.34,payroll.csv
TAX-01,42937.05,payroll.csv
TAX-01,27367.82,payroll.csv
TAX-01,40897.38,payroll.csv
TAX-01,22224.8,payroll.csv
TAX-01,8923.05,payroll.csv
TAX-01,5174.7,payroll.csv
TAX-01,3163.48,payroll.csv
TAX-01,348.58,payroll.csv
TAX-01,5443.52,payroll.csv
TAX-01,8767.58,payroll.csv
TAX-01,3128.08,payroll.csv
Sales-01,74267.8,implementation.csv
Sales-01,19309.63,implementation.csv
Sales-01,335.54,implementation.csv
Sales-01,570.67,implementation.csv
Sales-01,295.45,implementation.csv
Sales-01,19748.52,implementation.csv
Sales-01,12573.3,implementation.csv
Sales-01,16465.36,implementation.csv
Sales-01,3385.77,implementation.csv
Sales-01,9894.1,implementation.csv
Sales-01,7959.04,implementation.csv
Sales-01,4073.92,implementation.csv
Sales-01,8740.29,implementation.csv
Sales-01,805.75,implementation.csv
Sales-01,5678.09,implementation.csv
Sales-01,1198.07,implementation.csv
Sales-02,89337.22,phones.csv
Sales-02,23227.68,phones.csv
Sales-02,10951.54,phones.csv
Sales-02,173.87,phones.csv
Sales-02,114.18,phones.csv
Sales-02,28282.68,phones.csv
Sales-02,29262.9,phones.csv
Sales-02,22591.69,phones.csv
Sales-02,19281.45,phones.csv
Sales-02,7571.1,phones.csv
Sales-02,2770.68,phones.csv
Sales-02,6461.51,phones.csv
Sales-02,5745.08,phones.csv
Sales-02,9641.25,phones.csv
Sales-02,8720.86,phones.csv
Sales-02,2560.3,phones.csv
Sales-03,45430.71,sales.csv
Sales-03,11811.98,sales.csv
Sales-03,58784.03,sales.csv
Sales-03,182.96,sales.csv
Sales-03,467.41,sales.csv
Sales-03,13718.75,sales.csv
Sales-03,12806.54,sales.csv
Sales-03,15729.53,sales.csv
Sales-03,22214.01,sales.csv
Sales-03,3916.82,sales.csv
Sales-03,1959.93,sales.csv
Sales-03,9396.54,sales.csv
Sales-03,693.99,sales.csv
Sales-03,3038.29,sales.csv
Sales-03,9858.48,sales.csv
Sales-03,8011.91,sales.csv
Sales-04,52548.83,payroll.csv
Sales-04,13662.7,payroll.csv
Sales-04,66651.17,payroll.csv
Sales-04,171.55,payroll.csv
Sales-04,91.62,payroll.csv
Sales-04,6459.66,payroll.csv
Sales-04,21555.64,payroll.csv
Sales-04,40209.4,payroll.csv
Sales-04,30711.66,payroll.csv
Sales-04,7389.78,payroll.csv
Sales-04,4191.11,payroll.csv
Sales-04,9407.05,payroll.csv
Sales-04,6056.37,payroll.csv
Sales-04,5005.74,payroll.csv
Sales-04,7699.19,payroll.csv
Sales-04,115.46,payroll.csv
Sales-05,15517.96,payroll.csv
Sales-05,4034.67,payroll.csv
Sales-05,33553.76,payroll.csv
Sales-05,880.59,payroll.csv
Sales-05,801.38,payroll.csv
Sales-05,20989.61,payroll.csv
Sales-05,111.19,payroll.csv
Sales-05,22576.67,payroll.csv
Sales-05,13913.57,payroll.csv
Sales-05,801.32,payroll.csv
Sales-05,7498.18,payroll.csv
Sales-05,5893.79,payroll.csv
Sales-05,4991.7,payroll.csv
Sales-05,6823.21,payroll.csv
Sales-05,8831.45,payroll.csv
Sales-05,8283.36,payroll.csv
Marketing-01,47775.15,payroll.csv
Marketing-01,12421.54,payroll.csv
Marketing-01,15402.11,payroll.csv
Marketing-01,482.47,payroll.csv
Marketing-01,159.51,payroll.csv
Marketing-01,4459.76,payroll.csv
Marketing-01,29546.97,payroll.csv
Marketing-01,38263.98,payroll.csv
Marketing-01,20343.03,payroll.csv
Marketing-01,6678,payroll.csv
Marketing-01,5367.56,payroll.csv
Marketing-01,4990.81,payroll.csv
Marketing-01,707.81,payroll.csv
Marketing-01,5199.21,payroll.csv
Marketing-01,9806.15,payroll.csv
Marketing-01,6984.51,payroll.csv
Marketing-02,27829.09,implementation.csv
Marketing-02,7235.56,implementation.csv
Marketing-02,59984.68,implementation.csv
Marketing-02,549.69,implementation.csv
Marketing-02,128.75,implementation.csv
Marketing-02,19778.48,implementation.csv
Marketing-02,42473.4,implementation.csv
Marketing-02,28533.66,implementation.csv
Marketing-02,24124.73,implementation.csv
Marketing-02,1198.36,implementation.csv
Marketing-02,9425.5,implementation.csv
Marketing-02,2095.26,implementation.csv
Marketing-02,8338.4,implementation.csv
Marketing-02,1804.5,implementation.csv
Marketing-02,780.5,implementation.csv
Marketing-02,1145.63,implementation.csv
Marketing-03,42749.23,phones.csv
Marketing-03,11114.8,phones.csv
Marketing-03,38274.99,phones.csv
Marketing-03,482.97,phones.csv
Marketing-03,582.99,phones.csv
Marketing-03,8904.36,phones.csv
Marketing-03,37754.91,phones.csv
Marketing-03,17720.18,phones.csv
Marketing-03,42365.89,phones.csv
Marketing-03,3731.93,phones.csv
Marketing-03,7696.47,phones.csv
Marketing-03,6533.03,phones.csv
Marketing-03,865.86,phones.csv
Marketing-03,2378.9,phones.csv
Marketing-03,1106.42,phones.csv
Marketing-03,3180.86,phones.csv
Product-Mgmt-01,32725.62,sales.csv
Product-Mgmt-01,8508.66,sales.csv
Product-Mgmt-01,21572.79,sales.csv
Product-Mgmt-01,535.43,sales.csv
Product-Mgmt-01,69.91,sales.csv
Product-Mgmt-01,39643.41,sales.csv
Product-Mgmt-01,19222.71,sales.csv
Product-Mgmt-01,44237.59,sales.csv
Product-Mgmt-01,32809.54,sales.csv
Product-Mgmt-01,4112.86,sales.csv
Product-Mgmt-01,1361.91,sales.csv
Product-Mgmt-01,4888.45,sales.csv
Product-Mgmt-01,367.53,sales.csv
Product-Mgmt-01,4911.75,sales.csv
Product-Mgmt-01,2240.54,sales.csv
Product-Mgmt-01,3292.86,sales.csv
R&D-01,20068.43,ITDemand.csv
R&D-01,5217.79,ITDemand.csv
R&D-01,82796.41,ITDemand.csv
R&D-01,763.64,ITDemand.csv
R&D-01,889.5,ITDemand.csv
R&D-01,5515.99,ITDemand.csv
R&D-01,19975.83,ITDemand.csv
R&D-01,25462.77,ITDemand.csv
R&D-01,19057.1,ITDemand.csv
R&D-01,7430.79,ITDemand.csv
R&D-01,7325.61,ITDemand.csv
R&D-01,5901.69,ITDemand.csv
R&D-01,6817.74,ITDemand.csv
R&D-01,4982.6,ITDemand.csv
R&D-01,4584.94,ITDemand.csv
R&D-01,2888.85,ITDemand.csv
R&D-02,6054.12,ITDemand.csv
R&D-02,1574.07,ITDemand.csv
R&D-02,38183.67,ITDemand.csv
R&D-02,188.91,ITDemand.csv
R&D-02,970.64,ITDemand.csv
R&D-02,36741.69,ITDemand.csv
R&D-02,15121.98,ITDemand.csv
R&D-02,1649.21,ITDemand.csv
R&D-02,29245.95,ITDemand.csv
R&D-02,1077.61,ITDemand.csv
R&D-02,9529.04,ITDemand.csv
R&D-02,8744.52,ITDemand.csv
R&D-02,2068.88,ITDemand.csv
R&D-02,8042.38,ITDemand.csv
R&D-02,8718.92,ITDemand.csv
R&D-02,222.63,ITDemand.csv
R&D-03,98362.11,ITDemand.csv
R&D-03,25574.15,ITDemand.csv
R&D-03,56125.15,ITDemand.csv
R&D-03,235.83,ITDemand.csv
R&D-03,474.84,ITDemand.csv
R&D-03,38076.97,ITDemand.csv
R&D-03,10178.77,ITDemand.csv
R&D-03,30480.77,ITDemand.csv
R&D-03,34127.02,ITDemand.csv
R&D-03,9709.23,ITDemand.csv
R&D-03,1046.56,ITDemand.csv
R&D-03,8456.49,ITDemand.csv
R&D-03,9180.79,ITDemand.csv
R&D-03,8772.96,ITDemand.csv
R&D-03,7129.96,ITDemand.csv
R&D-03,571.17,ITDemand.csv
R&D-04,95921.78,ITDemand.csv
R&D-04,24939.66,ITDemand.csv
R&D-04,93691.06,ITDemand.csv
R&D-04,415.12,ITDemand.csv
R&D-04,208.58,ITDemand.csv
R&D-04,1811.66,ITDemand.csv
R&D-04,38897.79,ITDemand.csv
R&D-04,30065.66,ITDemand.csv
R&D-04,27289.48,ITDemand.csv
R&D-04,4141.88,ITDemand.csv
R&D-04,7561.14,ITDemand.csv
R&D-04,9564.31,ITDemand.csv
R&D-04,6520.08,ITDemand.csv
R&D-04,2290.03,ITDemand.csv
R&D-04,6236.79,ITDemand.csv
R&D-04,2924.79,ITDemand.csv
FIN-01,69098.28,ITDemand.csv
FIN-01,17965.55,ITDemand.csv
FIN-01,76646.02,ITDemand.csv
FIN-01,233.35,ITDemand.csv
FIN-01,575.68,ITDemand.csv
FIN-01,19276.19,ITDemand.csv
FIN-01,14126.99,ITDemand.csv
FIN-01,26192.84,ITDemand.csv
FIN-01,27560.81,ITDemand.csv
FIN-01,2487.59,ITDemand.csv
FIN-01,5371.7,ITDemand.csv
FIN-01,9719.29,ITDemand.csv
FIN-01,6542.27,ITDemand.csv
FIN-01,8722.97,ITDemand.csv
FIN-01,8344.83,ITDemand.csv
FIN-01,8568.61,ITDemand.csv
ACC-01,728.8,ITDemand.csv
ACC-01,189.49,ITDemand.csv
ACC-01,49099.24,ITDemand.csv
ACC-01,150.98,ITDemand.csv
ACC-01,706.93,ITDemand.csv
ACC-01,9044.08,ITDemand.csv
ACC-01,7878.27,ITDemand.csv
ACC-01,12628.14,ITDemand.csv
ACC-01,15106.73,ITDemand.csv
ACC-01,7139.53,ITDemand.csv
ACC-01,385.26,ITDemand.csv
ACC-01,8551.99,ITDemand.csv
ACC-01,9784.77,ITDemand.csv
ACC-01,486.2,ITDemand.csv
ACC-01,8188,ITDemand.csv
ACC-01,6467.23,ITDemand.csv
IT-01,56799.2,ITDemand.csv
IT-01,14767.79,ITDemand.csv
IT-01,74320.57,ITDemand.csv
IT-01,798.23,ITDemand.csv
IT-01,734.64,ITDemand.csv
IT-01,24119.33,ITDemand.csv
IT-01,37721.64,ITDemand.csv
IT-01,12279.56,ITDemand.csv
IT-01,38787.13,ITDemand.csv
IT-01,9952.73,ITDemand.csv
IT-01,8458.67,ITDemand.csv
IT-01,9841.48,ITDemand.csv
IT-01,6257.28,ITDemand.csv
IT-01,2966.36,ITDemand.csv
IT-01,8877.31,ITDemand.csv
IT-01,6001.12,ITDemand.csv
PS-01,24564.81,ITDemand.csv
PS-01,6386.85,ITDemand.csv
PS-01,68171.78,ITDemand.csv
PS-01,484.24,ITDemand.csv
PS-01,444.79,ITDemand.csv
PS-01,6638.53,ITDemand.csv
PS-01,44868.7,ITDemand.csv
PS-01,18619.19,ITDemand.csv
PS-01,29844.31,ITDemand.csv
PS-01,3246.57,ITDemand.csv
PS-01,2503.73,ITDemand.csv
PS-01,4739.36,ITDemand.csv
PS-01,7814.77,ITDemand.csv
PS-01,1832.77,ITDemand.csv
PS-01,2522.58,ITDemand.csv
PS-01,305.09,ITDemand.csv
IS-01,77265.53,implementation.csv
IS-01,20089.04,implementation.csv
IS-01,60258.64,implementation.csv
IS-01,142.54,implementation.csv
IS-01,958.99,implementation.csv
IS-01,28416.04,implementation.csv
IS-01,33170.6,implementation.csv
IS-01,30976.45,implementation.csv
IS-01,31491.75,implementation.csv
IS-01,1779.34,implementation.csv
IS-01,4326.76,implementation.csv
IS-01,7897.4,implementation.csv
IS-01,3703.01,implementation.csv
IS-01,3114.45,implementation.csv
IS-01,1873.72,implementation.csv
IS-01,7450.96,implementation.csv
Exec-Office-01,76812.39,phones.csv
Exec-Office-01,19971.22,phones.csv
Exec-Office-01,74104.95,phones.csv
Exec-Office-01,761.28,phones.csv
Exec-Office-01,122.61,phones.csv
Exec-Office-01,1360.69,phones.csv
Exec-Office-01,5284.04,phones.csv
Exec-Office-01,42691.68,phones.csv
Exec-Office-01,33872.87,phones.csv
Exec-Office-01,7909.45,phones.csv
Exec-Office-01,5468.01,phones.csv
Exec-Office-01,4964.49,phones.csv
Exec-Office-01,2914.36,phones.csv
Exec-Office-01,6056.19,phones.csv
Exec-Office-01,1667.45,phones.csv
Exec-Office-01,2216.16,phones.csv
LEG-01,3200.92,sales.csv
LEG-01,832.24,sales.csv
LEG-01,22006.67,sales.csv
LEG-01,777.45,sales.csv
LEG-01,599.48,sales.csv
LEG-01,36119.75,sales.csv
LEG-01,24932.2,sales.csv
LEG-01,30527.82,sales.csv
LEG-01,36791.48,sales.csv
LEG-01,8133.79,sales.csv
LEG-01,9167.77,sales.csv
LEG-01,8228.52,sales.csv
LEG-01,6785.52,sales.csv
LEG-01,3600.78,sales.csv
LEG-01,5586.42,sales.csv
LEG-01,8912.44,sales.csv
TAX-01,20772.76,payroll.csv
TAX-01,5400.92,payroll.csv
TAX-01,62961.8,payroll.csv
TAX-01,581.52,payroll.csv
TAX-01,825.6,payroll.csv
TAX-01,17220.3,payroll.csv
TAX-01,5292.66,payroll.csv
TAX-01,16670.13,payroll.csv
TAX-01,37100.27,payroll.csv
TAX-01,8932.43,payroll.csv
TAX-01,4352.52,payroll.csv
TAX-01,7309.42,payroll.csv
TAX-01,6616.51,payroll.csv
TAX-01,9481.84,payroll.csv
TAX-01,1340.18,payroll.csv
TAX-01,6620.76,payroll.csv
Sales-01,54931.72,implementation.csv
Sales-01,14282.25,implementation.csv
Sales-01,23035.12,implementation.csv
Sales-01,254.86,implementation.csv
Sales-01,652.5,implementation.csv
Sales-01,29058.1,implementation.csv
Sales-01,6726.86,implementation.csv
Sales-01,5414.32,implementation.csv
Sales-01,33999.31,implementation.csv
Sales-01,9613.82,implementation.csv
Sales-01,3570.05,implementation.csv
Sales-01,5751.18,implementation.csv
Sales-01,2139.93,implementation.csv
Sales-01,5871.5,implementation.csv
Sales-01,181.63,implementation.csv
Sales-01,4816.23,implementation.csv
Sales-02,22612.11,phones.csv
Sales-02,5879.15,phones.csv
Sales-02,12931.95,phones.csv
Sales-02,674.8,phones.csv
Sales-02,348.93,phones.csv
Sales-02,18362.15,phones.csv
Sales-02,44658.85,phones.csv
Sales-02,35000.48,phones.csv
Sales-02,7005.77,phones.csv
Sales-02,8360.48,phones.csv
Sales-02,3933.15,phones.csv
Sales-02,6690.84,phones.csv
Sales-02,1691.29,phones.csv
Sales-02,2992.36,phones.csv
Sales-02,9155.91,phones.csv
Sales-02,6490.4,phones.csv
Sales-03,28358.44,sales.csv
Sales-03,7373.19,sales.csv
Sales-03,54132.08,sales.csv
Sales-03,549.02,sales.csv
Sales-03,286.84,sales.csv
Sales-03,16785.77,sales.csv
Sales-03,38218.7,sales.csv
Sales-03,28643.82,sales.csv
Sales-03,14364.32,sales.csv
Sales-03,6450.4,sales.csv
Sales-03,6815.71,sales.csv
Sales-03,8941.66,sales.csv
Sales-03,3850.04,sales.csv
Sales-03,809.11,sales.csv
Sales-03,7711.3,sales.csv
Sales-03,2415.74,sales.csv
Sales-04,30776.42,payroll.csv
Sales-04,8001.87,payroll.csv
Sales-04,96455.49,payroll.csv
Sales-04,969.41,payroll.csv
Sales-04,961.74,payroll.csv
Sales-04,26531.3,payroll.csv
Sales-04,16279.67,payroll.csv
Sales-04,3787.76,payroll.csv
Sales-04,10422.84,payroll.csv
Sales-04,1286.08,payroll.csv
Sales-04,9059.93,payroll.csv
Sales-04,7572.39,payroll.csv
Sales-04,7730.84,payroll.csv
Sales-04,3588.58,payroll.csv
Sales-04,4803.35,payroll.csv
Sales-04,2882.72,payroll.csv
Sales-05,59954.37,payroll.csv
Sales-05,15588.14,payroll.csv
Sales-05,82968.47,payroll.csv
Sales-05,121.2,payroll.csv
Sales-05,340.02,payroll.csv
Sales-05,21636.32,payroll.csv
Sales-05,11012.38,payroll.csv
Sales-05,20623.15,payroll.csv
Sales-05,19242.83,payroll.csv
Sales-05,9474.81,payroll.csv
Sales-05,7725.18,payroll.csv
Sales-05,5757.31,payroll.csv
Sales-05,5012.32,payroll.csv
Sales-05,7958.44,payroll.csv
Sales-05,7263.82,payroll.csv
Sales-05,9620.62,payroll.csv
Marketing-01,68637.04,payroll.csv
Marketing-01,17845.63,payroll.csv
Marketing-01,93662.1,payroll.csv
Marketing-01,799.47,payroll.csv
Marketing-01,997.6,payroll.csv
Marketing-01,2948.46,payroll.csv
Marketing-01,32610.19,payroll.csv
Marketing-01,34949.09,payroll.csv
Marketing-01,19065.07,payroll.csv
Marketing-01,4609.2,payroll.csv
Marketing-01,7556.7,payroll.csv
Marketing-01,5253.67,payroll.csv
Marketing-01,9244.76,payroll.csv
Marketing-01,588.52,payroll.csv
Marketing-01,3901.69,payroll.csv
Marketing-01,4786.46,payroll.csv
Marketing-02,47233.12,implementation.csv
Marketing-02,12280.61,implementation.csv
Marketing-02,87579.1,implementation.csv
Marketing-02,25.9,implementation.csv
Marketing-02,241.25,implementation.csv
Marketing-02,1168.7,implementation.csv
Marketing-02,40699.74,implementation.csv
Marketing-02,33584.58,implementation.csv
Marketing-02,20416.66,implementation.csv
Marketing-02,8591.56,implementation.csv
Marketing-02,7696.14,implementation.csv
Marketing-02,6862.74,implementation.csv
Marketing-02,4968.85,implementation.csv
Marketing-02,8901.62,implementation.csv
Marketing-02,5713.17,implementation.csv
Marketing-02,4524.55,implementation.csv
Marketing-03,4979.99,phones.csv
Marketing-03,1294.8,phones.csv
Marketing-03,20942.12,phones.csv
Marketing-03,887.87,phones.csv
Marketing-03,127.27,phones.csv
Marketing-03,36511.56,phones.csv
Marketing-03,44678.28,phones.csv
Marketing-03,33930.23,phones.csv
Marketing-03,37362.16,phones.csv
Marketing-03,9636.24,phones.csv
Marketing-03,3683.68,phones.csv
Marketing-03,9462.48,phones.csv
Marketing-03,2238.06,phones.csv
Marketing-03,3447.76,phones.csv
Marketing-03,2071.83,phones.csv
Marketing-03,33.03,phones.csv
Product-Mgmt-01,90056.46,sales.csv
Product-Mgmt-01,23414.68,sales.csv
Product-Mgmt-01,18737.71,sales.csv
Product-Mgmt-01,9.1,sales.csv
Product-Mgmt-01,225.03,sales.csv
Product-Mgmt-01,6373.42,sales.csv
Product-Mgmt-01,13852.23,sales.csv
Product-Mgmt-01,36260.89,sales.csv
Product-Mgmt-01,27231.49,sales.csv
Product-Mgmt-01,1328.62,sales.csv
Product-Mgmt-01,3345.74,sales.csv
Product-Mgmt-01,8483.23,sales.csv
Product-Mgmt-01,9991.29,sales.csv
Product-Mgmt-01,7649.79,sales.csv
Product-Mgmt-01,937.55,sales.csv
Product-Mgmt-01,4836.07,sales.csv
R&D-01,51424.47,ITDemand.csv
R&D-01,13370.36,ITDemand.csv
R&D-01,75097.37,ITDemand.csv
R&D-01,510.82,ITDemand.csv
R&D-01,108.68,ITDemand.csv
R&D-01,17487.59,ITDemand.csv
R&D-01,9858.62,ITDemand.csv
R&D-01,40567.94,ITDemand.csv
R&D-01,15397.21,ITDemand.csv
R&D-01,7806.68,ITDemand.csv
R&D-01,4547.6,ITDemand.csv
R&D-01,6367.06,ITDemand.csv
R&D-01,5917.54,ITDemand.csv
R&D-01,5200.17,ITDemand.csv
R&D-01,5582.75,ITDemand.csv
R&D-01,6032.65,ITDemand.csv
R&D-02,40519.77,ITDemand.csv
R&D-02,10535.14,ITDemand.csv
R&D-02,99039.04,ITDemand.csv
R&D-02,201.56,ITDemand.csv
R&D-02,240.67,ITDemand.csv
R&D-02,15394.39,ITDemand.csv
R&D-02,20550.94,ITDemand.csv
R&D-02,41307.57,ITDemand.csv
R&D-02,10257.49,ITDemand.csv
R&D-02,2313.63,ITDemand.csv
R&D-02,7306.86,ITDemand.csv
R&D-02,3282.48,ITDemand.csv
R&D-02,9970.51,ITDemand.csv
R&D-02,9655.46,ITDemand.csv
R&D-02,3396.49,ITDemand.csv
R&D-02,6284.33,ITDemand.csv
R&D-03,5929.22,ITDemand.csv
R&D-03,1541.6,ITDemand.csv
R&D-03,58479.94,ITDemand.csv
R&D-03,950.24,ITDemand.csv
R&D-03,842.72,ITDemand.csv
R&D-03,3362.58,ITDemand.csv
R&D-03,38345.04,ITDemand.csv
R&D-03,21945.77,ITDemand.csv
R&D-03,13444.01,ITDemand.csv
R&D-03,5098.45,ITDemand.csv
R&D-03,3333,ITDemand.csv
R&D-03,8556.25,ITDemand.csv
R&D-03,1896.2,ITDemand.csv
R&D-03,6197.01,ITDemand.csv
R&D-03,1325.53,ITDemand.csv
R&D-03,9332,ITDemand.csv
R&D-04,20975.6,ITDemand.csv
R&D-04,5453.66,ITDemand.csv
R&D-04,96590.66,ITDemand.csv
R&D-04,514.34,ITDemand.csv
R&D-04,331.81,ITDemand.csv
R&D-04,29005.98,ITDemand.csv
R&D-04,12555.98,ITDemand.csv
R&D-04,7380.81,ITDemand.csv
R&D-04,12342.14,ITDemand.csv
R&D-04,9286.68,ITDemand.csv
R&D-04,8200.56,ITDemand.csv
R&D-04,9340.43,ITDemand.csv
R&D-04,9019.21,ITDemand.csv
R&D-04,7086.49,ITDemand.csv
R&D-04,4078.68,ITDemand.csv
R&D-04,576.05,ITDemand.csv
FIN-01,82384.9,ITDemand.csv
FIN-01,21420.07,ITDemand.csv
FIN-01,5139.09,ITDemand.csv
FIN-01,385.97,ITDemand.csv
FIN-01,634.06,ITDemand.csv
FIN-01,19897.24,ITDemand.csv
FIN-01,8153.72,ITDemand.csv
FIN-01,44891.63,ITDemand.csv
FIN-01,38478.7,ITDemand.csv
FIN-01,6229.27,ITDemand.csv
FIN-01,3123.19,ITDemand.csv
FIN-01,8214.5,ITDemand.csv
FIN-01,665.36,ITDemand.csv
FIN-01,8464.96,ITDemand.csv
FIN-01,6702.03,ITDemand.csv
FIN-01,1154.39,ITDemand.csv
ACC-01,72599.76,ITDemand.csv
ACC-01,18875.94,ITDemand.csv
ACC-01,37283.11,ITDemand.csv
ACC-01,283.11,ITDemand.csv
ACC-01,794.79,ITDemand.csv
ACC-01,23008.48,ITDemand.csv
ACC-01,10784.77,ITDemand.csv
ACC-01,10.93,ITDemand.csv
ACC-01,24073.56,ITDemand.csv
ACC-01,2129.64,ITDemand.csv
ACC-01,8020.15,ITDemand.csv
ACC-01,9347.79,ITDemand.csv
ACC-01,3814.57,ITDemand.csv
ACC-01,5942.25,ITDemand.csv
ACC-01,4481.31,ITDemand.csv
ACC-01,1355.55,ITDemand.csv
IT-01,99702.11,ITDemand.csv
IT-01,25922.55,ITDemand.csv
IT-01,14642.51,ITDemand.csv
IT-01,208.61,ITDemand.csv
IT-01,562.84,ITDemand.csv
IT-01,39706.62,ITDemand.csv
IT-01,16129.12,ITDemand.csv
IT-01,39959.59,ITDemand.csv
IT-01,1510.63,ITDemand.csv
IT-01,8013.89,ITDemand.csv
IT-01,2718.61,ITDemand.csv
IT-01,874.32,ITDemand.csv
IT-01,5033.3,ITDemand.csv
IT-01,6814.78,ITDemand.csv
IT-01,1922.68,ITDemand.csv
IT-01,8298.93,ITDemand.csv
PS-01,56883.07,ITDemand.csv
PS-01,14789.6,ITDemand.csv
PS-01,19898.21,ITDemand.csv
PS-01,910.98,ITDemand.csv
PS-01,254.01,ITDemand.csv
PS-01,22714,ITDemand.csv
PS-01,34485.97,ITDemand.csv
PS-01,13562.93,ITDemand.csv
PS-01,20226.66,ITDemand.csv
PS-01,1962.71,ITDemand.csv
PS-01,6987.56,ITDemand.csv
PS-01,1266.68,ITDemand.csv
PS-01,7039.6,ITDemand.csv
PS-01,9840.91,ITDemand.csv
PS-01,3810.68,ITDemand.csv
PS-01,8786.83,ITDemand.csv
IS-01,14210.99,implementation.csv
IS-01,3694.86,implementation.csv
IS-01,80609.53,implementation.csv
IS-01,872.06,implementation.csv
IS-01,575.49,implementation.csv
IS-01,14064.28,implementation.csv
IS-01,42953.76,implementation.csv
IS-01,13098.53,implementation.csv
IS-01,10929.06,implementation.csv
IS-01,146.12,implementation.csv
IS-01,9495.57,implementation.csv
IS-01,916.98,implementation.csv
IS-01,2069.64,implementation.csv
IS-01,1075.93,implementation.csv
IS-01,834.91,implementation.csv
IS-01,2330.21,implementation.csv
Exec-Office-01,71792.86,phones.csv
Exec-Office-01,18666.14,phones.csv
Exec-Office-01,38280.26,phones.csv
Exec-Office-01,896.91,phones.csv
Exec-Office-01,610.92,phones.csv
Exec-Office-01,1330.74,phones.csv
Exec-Office-01,43242.63,phones.csv
Exec-Office-01,5724.72,phones.csv
Exec-Office-01,21119.26,phones.csv
Exec-Office-01,493.04,phones.csv
Exec-Office-01,2994.29,phones.csv
Exec-Office-01,5404.48,phones.csv
Exec-Office-01,5370.6,phones.csv
Exec-Office-01,4873.28,phones.csv
Exec-Office-01,6392.38,phones.csv
Exec-Office-01,5331.29,phones.csv
LEG-01,95604.84,sales.csv
LEG-01,24857.26,sales.csv
LEG-01,36002.62,sales.csv
LEG-01,708.41,sales.csv
LEG-01,991.33,sales.csv
LEG-01,28762.58,sales.csv
LEG-01,15239.24,sales.csv
LEG-01,13461.66,sales.csv
LEG-01,20804.01,sales.csv
LEG-01,4041.74,sales.csv
LEG-01,7490.25,sales.csv
LEG-01,890.39,sales.csv
LEG-01,9733,sales.csv
LEG-01,5168.15,sales.csv
LEG-01,1831.16,sales.csv
LEG-01,5667.7,sales.csv
TAX-01,42687.49,payroll.csv
TAX-01,11098.75,payroll.csv
TAX-01,82170.57,payroll.csv
TAX-01,756,payroll.csv
TAX-01,717.77,payroll.csv
TAX-01,13257.8,payroll.csv
TAX-01,40771.19,payroll.csv
TAX-01,17062.05,payroll.csv
TAX-01,4485.77,payroll.csv
TAX-01,9104.34,payroll.csv
TAX-01,1623.68,payroll.csv
TAX-01,1897.89,payroll.csv
TAX-01,9364.33,payroll.csv
TAX-01,2413.67,payroll.csv
TAX-01,7860.69,payroll.csv
TAX-01,7794.47,payroll.csv
Sales-01,32795.31,implementation.csv
Sales-01,8526.78,implementation.csv
Sales-01,60535.91,implementation.csv
Sales-01,95.89,implementation.csv
Sales-01,952.61,implementation.csv
Sales-01,2159.35,implementation.csv
Sales-01,39058.38,implementation.csv
Sales-01,12080.59,implementation.csv
Sales-01,19308.8,implementation.csv
Sales-01,8882.29,implementation.csv
Sales-01,3383.44,implementation.csv
Sales-01,8448.38,implementation.csv
Sales-01,4376.19,implementation.csv
Sales-01,4492.73,implementation.csv
Sales-01,6781.67,implementation.csv
Sales-01,8376.11,implementation.csv
Sales-02,40665.05,phones.csv
Sales-02,10572.91,phones.csv
Sales-02,65661.02,phones.csv
Sales-02,980.82,phones.csv
Sales-02,798.22,phones.csv
Sales-02,35266.27,phones.csv
Sales-02,20772.15,phones.csv
Sales-02,14271.12,phones.csv
Sales-02,4073.79,phones.csv
Sales-02,7756.17,phones.csv
Sales-02,809.37,phones.csv
Sales-02,8662.35,phones.csv
Sales-02,3463,phones.csv
Sales-02,4021.27,phones.csv
Sales-02,2180.62,phones.csv
Sales-02,6887.15,phones.csv
Sales-03,19150.39,sales.csv
Sales-03,4979.1,sales.csv
Sales-03,84899.77,sales.csv
Sales-03,266.2,sales.csv
Sales-03,864.3,sales.csv
Sales-03,36091.52,sales.csv
Sales-03,43033.49,sales.csv
Sales-03,43435.6,sales.csv
Sales-03,36869.11,sales.csv
Sales-03,6942.46,sales.csv
Sales-03,5915.21,sales.csv
Sales-03,1526.71,sales.csv
Sales-03,1564.73,sales.csv
Sales-03,1922.99,sales.csv
Sales-03,9240.54,sales.csv
Sales-03,634.11,sales.csv
Sales-04,24018.08,payroll.csv
Sales-04,6244.7,payroll.csv
Sales-04,1457.66,payroll.csv
Sales-04,486.79,payroll.csv
Sales-04,231.51,payroll.csv
Sales-04,11553.64,payroll.csv
Sales-04,22427.68,payroll.csv
Sales-04,19107.37,payroll.csv
Sales-04,30741.48,payroll.csv
Sales-04,4292.32,payroll.csv
Sales-04,7857.9,payroll.csv
Sales-04,1367.03,payroll.csv
Sales-04,8174.75,payroll.csv
Sales-04,3686.75,payroll.csv
Sales-04,6147.26,payroll.csv
Sales-04,2797.46,payroll.csv
Sales-05,32121.68,payroll.csv
Sales-05,8351.64,payroll.csv
Sales-05,65295.53,payroll.csv
Sales-05,549.73,payroll.csv
Sales-05,307.24,payroll.csv
Sales-05,42223.44,payroll.csv
Sales-05,15199.84,payroll.csv
Sales-05,334.17,payroll.csv
Sales-05,44300.54,payroll.csv
Sales-05,3195.5,payroll.csv
Sales-05,3750.66,payroll.csv
Sales-05,37.88,payroll.csv
Sales-05,4751.21,payroll.csv
Sales-05,2526.35,payroll.csv
Sales-05,9783.97,payroll.csv
Sales-05,1895.82,payroll.csv
Marketing-01,98939.32,payroll.csv
Marketing-01,25724.22,payroll.csv
Marketing-01,17972.66,payroll.csv
Marketing-01,103.72,payroll.csv
Marketing-01,544.74,payroll.csv
Marketing-01,41993.17,payroll.csv
Marketing-01,9797.14,payroll.csv
Marketing-01,1171.2,payroll.csv
Marketing-01,37867.36,payroll.csv
Marketing-01,2486.96,payroll.csv
Marketing-01,8583.37,payroll.csv
Marketing-01,99.87,payroll.csv
Marketing-01,9758.56,payroll.csv
Marketing-01,4863.35,payroll.csv
Marketing-01,3307.32,payroll.csv
Marketing-01,1440.57,payroll.csv
Marketing-02,83262.63,implementation.csv
Marketing-02,21648.28,implementation.csv
Marketing-02,19469.07,implementation.csv
Marketing-02,262.55,implementation.csv
Marketing-02,884.04,implementation.csv
Marketing-02,27048.3,implementation.csv
Marketing-02,33222.18,implementation.csv
Marketing-02,413.63,implementation.csv
Marketing-02,44752.52,implementation.csv
Marketing-02,75.28,implementation.csv
Marketing-02,7620.22,implementation.csv
Marketing-02,7092.57,implementation.csv
Marketing-02,8241.61,implementation.csv
Marketing-02,4174.31,implementation.csv
Marketing-02,1142.13,implementation.csv
Marketing-02,6262.06,implementation.csv
Marketing-03,9819.44,phones.csv
Marketing-03,2553.05,phones.csv
Marketing-03,27799.76,phones.csv
Marketing-03,966.22,phones.csv
Marketing-03,149.31,phones.csv
Marketing-03,28051.96,phones.csv
Marketing-03,12878.78,phones.csv
Marketing-03,9070.05,phones.csv
Marketing-03,22669.38,phones.csv
Marketing-03,8167.88,phones.csv
Marketing-03,5550.5,phones.csv
Marketing-03,9448.62,phones.csv
Marketing-03,1819.73,phones.csv
Marketing-03,6165.29,phones.csv
Marketing-03,5091.12,phones.csv
Marketing-03,1589.8,phones.csv
Product-Mgmt-01,43651.33,sales.csv
Product-Mgmt-01,11349.35,sales.csv
Product-Mgmt-01,58614.34,sales.csv
Product-Mgmt-01,933.09,sales.csv
Product-Mgmt-01,845.33,sales.csv
Product-Mgmt-01,12234.63,sales.csv
Product-Mgmt-01,42734.21,sales.csv
Product-Mgmt-01,22132.86,sales.csv
Product-Mgmt-01,38174.83,sales.csv
Product-Mgmt-01,1285.97,sales.csv
Product-Mgmt-01,8679.06,sales.csv
Product-Mgmt-01,6791.43,sales.csv
Product-Mgmt-01,6610.25,sales.csv
Product-Mgmt-01,8524.92,sales.csv
Product-Mgmt-01,8136.03,sales.csv
Product-Mgmt-01,1519.78,sales.csv
R&D-01,82699.08,ITDemand.csv
R&D-01,21501.76,ITDemand.csv
R&D-01,28700.09,ITDemand.csv
R&D-01,790.03,ITDemand.csv
R&D-01,593.36,ITDemand.csv
R&D-01,16057.53,ITDemand.csv
R&D-01,35410,ITDemand.csv
R&D-01,33701.79,ITDemand.csv
R&D-01,23453.83,ITDemand.csv
R&D-01,3132.63,ITDemand.csv
R&D-01,9609.18,ITDemand.csv
R&D-01,8283.97,ITDemand.csv
R&D-01,5366.86,ITDemand.csv
R&D-01,460.33,ITDemand.csv
R&D-01,6203.32,ITDemand.csv
R&D-01,8292.34,ITDemand.csv
R&D-02,64713.63,ITDemand.csv
R&D-02,16825.54,ITDemand.csv
R&D-02,2638.48,ITDemand.csv
R&D-02,830.03,ITDemand.csv
R&D-02,334.32,ITDemand.csv
R&D-02,37679.92,ITDemand.csv
R&D-02,2226.47,ITDemand.csv
R&D-02,44280.69,ITDemand.csv
R&D-02,18812.02,ITDemand.csv
R&D-02,5127.18,ITDemand.csv
R&D-02,8756.83,ITDemand.csv
R&D-02,5399.28,ITDemand.csv
R&D-02,7654.34,ITDemand.csv
R&D-02,1917.67,ITDemand.csv
R&D-02,2321.73,ITDemand.csv
R&D-02,6287.27,ITDemand.csv
R&D-03,23132.61,ITDemand.csv
R&D-03,6014.48,ITDemand.csv
R&D-03,59976.44,ITDemand.csv
R&D-03,636.32,ITDemand.csv
R&D-03,396.55,ITDemand.csv
R&D-03,4851.39,ITDemand.csv
R&D-03,41858.08,ITDemand.csv
R&D-03,10519.89,ITDemand.csv
R&D-03,8835.81,ITDemand.csv
R&D-03,5041.63,ITDemand.csv
R&D-03,1930.48,ITDemand.csv
R&D-03,5447.1,ITDemand.csv
R&D-03,5098.81,ITDemand.csv
R&D-03,3280.03,ITDemand.csv
R&D-03,792.97,ITDemand.csv
R&D-03,4213.65,ITDemand.csv
R&D-04,34414.19,ITDemand.csv
R&D-04,8947.69,ITDemand.csv
R&D-04,61503.88,ITDemand.csv
R&D-04,285.8,ITDemand.csv
R&D-04,604.09,ITDemand.csv
R&D-04,43112.97,ITDemand.csv
R&D-04,38239.74,ITDemand.csv
R&D-04,9656.64,ITDemand.csv
R&D-04,8910.94,ITDemand.csv
R&D-04,3611.12,ITDemand.csv
R&D-04,4994.04,ITDemand.csv
R&D-04,3670.85,ITDemand.csv
R&D-04,1353.53,ITDemand.csv
R&D-04,1497.8,ITDemand.csv
R&D-04,3950.29,ITDemand.csv
R&D-04,3694.29,ITDemand.csv
FIN-01,6070.93,ITDemand.csv
FIN-01,1578.44,ITDemand.csv
FIN-01,52781.63,ITDemand.csv
FIN-01,959.83,ITDemand.csv
FIN-01,573.41,ITDemand.csv
FIN-01,40920.05,ITDemand.csv
FIN-01,3097.64,ITDemand.csv
FIN-01,38287.9,ITDemand.csv
FIN-01,41649.7,ITDemand.csv
FIN-01,8874.81,ITDemand.csv
FIN-01,5034.35,ITDemand.csv
FIN-01,7430.25,ITDemand.csv
FIN-01,6218.1,ITDemand.csv
FIN-01,4115.62,ITDemand.csv
FIN-01,4858.73,ITDemand.csv
FIN-01,6580.16,ITDemand.csv
ACC-01,14853.64,ITDemand.csv
ACC-01,3861.95,ITDemand.csv
ACC-01,17817.09,ITDemand.csv
ACC-01,425.3,ITDemand.csv
ACC-01,655.71,ITDemand.csv
ACC-01,29963.02,ITDemand.csv
ACC-01,32404.04,ITDemand.csv
ACC-01,14559.36,ITDemand.csv
ACC-01,21273.94,ITDemand.csv
ACC-01,5348.65,ITDemand.csv
ACC-01,6793.52,ITDemand.csv
ACC-01,8809.83,ITDemand.csv
ACC-01,5040.49,ITDemand.csv
ACC-01,2129.32,ITDemand.csv
ACC-01,8784.01,ITDemand.csv
ACC-01,9959.49,ITDemand.csv
IT-01,61742.9,ITDemand.csv
IT-01,16053.15,ITDemand.csv
IT-01,87274.62,ITDemand.csv
IT-01,960.42,ITDemand.csv
IT-01,261.86,ITDemand.csv
IT-01,8378.83,ITDemand.csv
IT-01,7156.82,ITDemand.csv
IT-01,38662.95,ITDemand.csv
IT-01,22211.38,ITDemand.csv
IT-01,7036.54,ITDemand.csv
IT-01,4077.15,ITDemand.csv
IT-01,867.21,ITDemand.csv
IT-01,1476.08,ITDemand.csv
IT-01,4228.49,ITDemand.csv
IT-01,3570.37,ITDemand.csv
IT-01,7825.65,ITDemand.csv
PS-01,24065.67,ITDemand.csv
PS-01,6257.07,ITDemand.csv
PS-01,88936.52,ITDemand.csv
PS-01,339.71,ITDemand.csv
PS-01,93.75,ITDemand.csv
PS-01,36330.58,ITDemand.csv
PS-01,18107.22,ITDemand.csv
PS-01,19631.78,ITDemand.csv
PS-01,12374.9,ITDemand.csv
PS-01,8786.13,ITDemand.csv
PS-01,1617.26,ITDemand.csv
PS-01,7820.21,ITDemand.csv
PS-01,7705.47,ITDemand.csv
PS-01,3244.62,ITDemand.csv
PS-01,2580.15,ITDemand.csv
PS-01,4562.83,ITDemand.csv
IS-01,51028.52,implementation.csv
IS-01,13267.42,implementation.csv
IS-01,34134.37,implementation.csv
IS-01,608.58,implementation.csv
IS-01,356.84,implementation.csv
IS-01,40256.28,implementation.csv
IS-01,43938.14,implementation.csv
IS-01,26969.63,implementation.csv
IS-01,3008.23,implementation.csv
IS-01,1152.11,implementation.csv
IS-01,9440.16,implementation.csv
IS-01,4597.06,implementation.csv
IS-01,9947.39,implementation.csv
IS-01,9969.95,implementation.csv
IS-01,8161.76,implementation.csv
IS-01,169.39,implementation.csv
Exec-Office-01,80257.59,phones.csv
Exec-Office-01,20866.97,phones.csv
Exec-Office-01,56372.46,phones.csv
Exec-Office-01,39.02,phones.csv
Exec-Office-01,996.04,phones.csv
Exec-Office-01,42458.86,phones.csv
Exec-Office-01,4916.14,phones.csv
Exec-Office-01,44026.87,phones.csv
Exec-Office-01,22145.64,phones.csv
Exec-Office-01,9849.93,phones.csv
Exec-Office-01,9263.78,phones.csv
Exec-Office-01,9483.89,phones.csv
Exec-Office-01,580.83,phones.csv
Exec-Office-01,5408.22,phones.csv
Exec-Office-01,8019.92,phones.csv
Exec-Office-01,813.3,phones.csv
LEG-01,39347.15,sales.csv
LEG-01,10230.26,sales.csv
LEG-01,19132.09,sales.csv
LEG-01,314.11,sales.csv
LEG-01,511.2,sales.csv
LEG-01,35813.97,sales.csv
LEG-01,38323.32,sales.csv
LEG-01,5164.59,sales.csv
LEG-01,21890.78,sales.csv
LEG-01,4153.98,sales.csv
LEG-01,489.74,sales.csv
LEG-01,4852.46,sales.csv
LEG-01,9081.08,sales.csv
LEG-01,2706.32,sales.csv
LEG-01,8446,sales.csv
LEG-01,4556.46,sales.csv
TAX-01,48659.74,payroll.csv
TAX-01,12651.53,payroll.csv
TAX-01,66722.26,payroll.csv
TAX-01,518.32,payroll.csv
TAX-01,171.74,payroll.csv
TAX-01,36091.48,payroll.csv
TAX-01,3791.62,payroll.csv
TAX-01,16438.9,payroll.csv
TAX-01,36075.23,payroll.csv
TAX-01,9917.88,payroll.csv
TAX-01,5541.32,payroll.csv
TAX-01,3396.94,payroll.csv
TAX-01,5121.68,payroll.csv
TAX-01,9071.12,payroll.csv
TAX-01,9127.95,payroll.csv
TAX-01,3428.66,payroll.csv
Sales-01,23484.03,implementation.csv
Sales-01,6105.85,implementation.csv
Sales-01,4438.96,implementation.csv
Sales-01,66.73,implementation.csv
Sales-01,38.9,implementation.csv
Sales-01,5793.95,implementation.csv
Sales-01,35395.46,implementation.csv
Sales-01,39383.06,implementation.csv
Sales-01,25033.53,implementation.csv
Sales-01,3460.84,implementation.csv
Sales-01,7483.95,implementation.csv
Sales-01,2482.65,implementation.csv
Sales-01,5112.63,implementation.csv
Sales-01,7410.03,implementation.csv
Sales-01,3709.12,implementation.csv
Sales-01,4408.2,implementation.csv
Sales-02,62460.91,phones.csv
Sales-02,16239.84,phones.csv
Sales-02,95750.41,phones.csv
Sales-02,980.82,phones.csv
Sales-02,267.88,phones.csv
Sales-02,36841.36,phones.csv
Sales-02,19625.58,phones.csv
Sales-02,18372.5,phones.csv
Sales-02,2252.97,phones.csv
Sales-02,466.97,phones.csv
Sales-02,8571.94,phones.csv
Sales-02,6517.94,phones.csv
Sales-02,9376.62,phones.csv
Sales-02,1398.88,phones.csv
Sales-02,3628.15,phones.csv
Sales-02,8848.37,phones.csv
Sales-03,28071.23,sales.csv
Sales-03,7298.52,sales.csv
Sales-03,40968.45,sales.csv
Sales-03,664.36,sales.csv
Sales-03,551.96,sales.csv
Sales-03,20232,sales.csv
Sales-03,17436.68,sales.csv
Sales-03,13332.11,sales.csv
Sales-03,2125.78,sales.csv
Sales-03,1600.07,sales.csv
Sales-03,1228.75,sales.csv
Sales-03,5203.96,sales.csv
Sales-03,7600.48,sales.csv
Sales-03,6990.44,sales.csv
Sales-03,8061.59,sales.csv
Sales-03,9981.59,sales.csv
Sales-04,14849.78,payroll.csv
Sales-04,3860.94,payroll.csv
Sales-04,38863.79,payroll.csv
Sales-04,916.97,payroll.csv
Sales-04,163.8,payroll.csv
Sales-04,3344.63,payroll.csv
Sales-04,11230.23,payroll.csv
Sales-04,19434.14,payroll.csv
Sales-04,44348.76,payroll.csv
Sales-04,144.4,payroll.csv
Sales-04,9995.28,payroll.csv
Sales-04,9001.14,payroll.csv
Sales-04,2517.13,payroll.csv
Sales-04,7006.42,payroll.csv
Sales-04,8557.61,payroll.csv
Sales-04,9342.44,payroll.csv
Sales-05,17811.33,payroll.csv
Sales-05,4630.95,payroll.csv
Sales-05,33642.66,payroll.csv
Sales-05,556.49,payroll.csv
Sales-05,995.24,payroll.csv
Sales-05,44287.77,payroll.csv
Sales-05,6581.34,payroll.csv
Sales-05,7190.81,payroll.csv
Sales-05,25451.48,payroll.csv
Sales-05,3619.39,payroll.csv
Sales-05,3392.31,payroll.csv
Sales-05,1218.15,payroll.csv
Sales-05,7353.95,payroll.csv
Sales-05,555.41,payroll.csv
Sales-05,9386.75,payroll.csv
Sales-05,4809.42,payroll.csv
Marketing-01,21957.35,payroll.csv
Marketing-01,5708.91,payroll.csv
Marketing-01,50195.7,payroll.csv
Marketing-01,70.45,payroll.csv
Marketing-01,255.38,payroll.csv
Marketing-01,43904.06,payroll.csv
Marketing-01,16239.7,payroll.csv
Marketing-01,17879.23,payroll.csv
Marketing-01,23478.65,payroll.csv
Marketing-01,2517.46,payroll.csv
Marketing-01,8859.4,payroll.csv
Marketing-01,4296.79,payroll.csv
Marketing-01,2453.55,payroll.csv
Marketing-01,6297.22,payroll.csv
Marketing-01,8374.19,payroll.csv
Marketing-01,9376.93,payroll.csv
Marketing-02,68542.97,implementation.csv
Marketing-02,17821.17,implementation.csv
Marketing-02,83827.06,implementation.csv
Marketing-02,312.86,implementation.csv
Marketing-02,267.27,implementation.csv
Marketing-02,37938.27,implementation.csv
Marketing-02,21126.63,implementation.csv
Marketing-02,39743.49,implementation.csv
Marketing-02,523.8,implementation.csv
Marketing-02,4504.07,implementation.csv
Marketing-02,9570.82,implementation.csv
Marketing-02,3549.16,implementation.csv
Marketing-02,9260.64,implementation.csv
Marketing-02,4153.76,implementation.csv
Marketing-02,940.71,implementation.csv
Marketing-02,3083.39,implementation.csv
Marketing-03,49067.06,phones.csv
Marketing-03,12757.44,phones.csv
Marketing-03,19660.11,phones.csv
Marketing-03,865.4,phones.csv
Marketing-03,331.3,phones.csv
Marketing-03,27661.13,phones.csv
Marketing-03,14826.75,phones.csv
Marketing-03,30077.26,phones.csv
Marketing-03,10715.24,phones.csv
Marketing-03,340.93,phones.csv
Marketing-03,523.6,phones.csv
Marketing-03,7308.89,phones.csv
Marketing-03,2315.19,phones.csv
Marketing-03,2555.2,phones.csv
Marketing-03,4747.29,phones.csv
Marketing-03,1384.81,phones.csv
Product-Mgmt-01,22311.98,sales.csv
Product-Mgmt-01,5801.11,sales.csv
Product-Mgmt-01,68235.31,sales.csv
Product-Mgmt-01,701.81,sales.csv
Product-Mgmt-01,419.45,sales.csv
Product-Mgmt-01,20900.86,sales.csv
Product-Mgmt-01,20250.93,sales.csv
Product-Mgmt-01,11225.34,sales.csv
Product-Mgmt-01,5333.82,sales.csv
Product-Mgmt-01,6320.17,sales.csv
Product-Mgmt-01,9596.28,sales.csv
Product-Mgmt-01,9776.98,sales.csv
Product-Mgmt-01,7436.88,sales.csv
Product-Mgmt-01,5378.57,sales.csv
Product-Mgmt-01,4206.11,sales.csv
Product-Mgmt-01,3763.53,sales.csv
R&D-01,46900.6,ITDemand.csv
R&D-01,12194.16,ITDemand.csv
R&D-01,75621.27,ITDemand.csv
R&D-01,712.55,ITDemand.csv
R&D-01,68.33,ITDemand.csv
R&D-01,28674.06,ITDemand.csv
R&D-01,11722.25,ITDemand.csv
R&D-01,9657.4,ITDemand.csv
R&D-01,3745.32,ITDemand.csv
R&D-01,382.53,ITDemand.csv
R&D-01,1660.93,ITDemand.csv
R&D-01,9809.71,ITDemand.csv
R&D-01,9227.11,ITDemand.csv
R&D-01,1069.17,ITDemand.csv
R&D-01,1706.71,ITDemand.csv
R&D-01,6317.81,ITDemand.csv
R&D-02,84026,ITDemand.csv
R&D-02,21846.76,ITDemand.csv
R&D-02,49284.59,ITDemand.csv
R&D-02,508.38,ITDemand.csv
R&D-02,35.49,ITDemand.csv
R&D-02,29870.94,ITDemand.csv
R&D-02,27322.6,ITDemand.csv
R&D-02,2888.53,ITDemand.csv
R&D-02,4477.21,ITDemand.csv
R&D-02,4838.01,ITDemand.csv
R&D-02,7724.4,ITDemand.csv
R&D-02,6204.1,ITDemand.csv
R&D-02,6302.84,ITDemand.csv
R&D-02,7057.77,ITDemand.csv
R&D-02,7846.9,ITDemand.csv
R&D-02,3717.15,ITDemand.csv
R&D-03,18852.55,ITDemand.csv
R&D-03,4901.66,ITDemand.csv
R&D-03,50913.4,ITDemand.csv
R&D-03,844.63,ITDemand.csv
R&D-03,119.18,ITDemand.csv
R&D-03,17732.46,ITDemand.csv
R&D-03,27394.31,ITDemand.csv
R&D-03,35601.77,ITDemand.csv
R&D-03,8907.3,ITDemand.csv
R&D-03,9665.75,ITDemand.csv
R&D-03,6821.79,ITDemand.csv
R&D-03,7971.93,ITDemand.csv
R&D-03,2703.69,ITDemand.csv
R&D-03,9339.05,ITDemand.csv
R&D-03,1204.63,ITDemand.csv
R&D-03,6075.46,ITDemand.csv
R&D-04,72384.79,ITDemand.csv
R&D-04,18820.05,ITDemand.csv
R&D-04,40725.73,ITDemand.csv
R&D-04,76.88,ITDemand.csv
R&D-04,74.57,ITDemand.csv
R&D-04,33321.53,ITDemand.csv
R&D-04,35306.66,ITDemand.csv
R&D-04,35277.87,ITDemand.csv
R&D-04,44619.42,ITDemand.csv
R&D-04,2918.12,ITDemand.csv
R&D-04,4549.92,ITDemand.csv
R&D-04,6718.25,ITDemand.csv
R&D-04,5127.54,ITDemand.csv
R&D-04,8722.1,ITDemand.csv
R&D-04,5431.33,ITDemand.csv
R&D-04,794.45,ITDemand.csv
FIN-01,98156.78,ITDemand.csv
FIN-01,25520.76,ITDemand.csv
FIN-01,77141.04,ITDemand.csv
FIN-01,896.81,ITDemand.csv
FIN-01,649.65,ITDemand.csv
FIN-01,24358.28,ITDemand.csv
FIN-01,28606.47,ITDemand.csv
FIN-01,11901.92,ITDemand.csv
FIN-01,19113.01,ITDemand.csv
FIN-01,573.1,ITDemand.csv
FIN-01,8475.95,ITDemand.csv
FIN-01,471.55,ITDemand.csv
FIN-01,7761.84,ITDemand.csv
FIN-01,5458.88,ITDemand.csv
FIN-01,1227.93,ITDemand.csv
FIN-01,4302.04,ITDemand.csv
ACC-01,19133.56,ITDemand.csv
ACC-01,4974.73,ITDemand.csv
ACC-01,45727.25,ITDemand.csv
ACC-01,11.93,ITDemand.csv
ACC-01,15.2,ITDemand.csv
ACC-01,42120.85,ITDemand.csv
ACC-01,28916.29,ITDemand.csv
ACC-01,40130.09,ITDemand.csv
ACC-01,42322.94,ITDemand.csv
ACC-01,489.19,ITDemand.csv
ACC-01,5018.34,ITDemand.csv
ACC-01,2665.59,ITDemand.csv
ACC-01,8205.77,ITDemand.csv
ACC-01,2350.43,ITDemand.csv
ACC-01,821.8,ITDemand.csv
ACC-01,1659.11,ITDemand.csv
IT-01,42833.54,ITDemand.csv
IT-01,11136.72,ITDemand.csv
IT-01,24471.22,ITDemand.csv
IT-01,397.79,ITDemand.csv
IT-01,409.41,ITDemand.csv
IT-01,14506.86,ITDemand.csv
IT-01,15816.02,ITDemand.csv
IT-01,28858.28,ITDemand.csv
IT-01,31249,ITDemand.csv
IT-01,9811.52,ITDemand.csv
IT-01,264.08,ITDemand.csv
IT-01,3528.39,ITDemand.csv
IT-01,9547,ITDemand.csv
IT-01,5993.87,ITDemand.csv
IT-01,8136.16,ITDemand.csv
IT-01,4962.59,ITDemand.csv
PS-01,59577.97,ITDemand.csv
PS-01,15490.27,ITDemand.csv
PS-01,71446.13,ITDemand.csv
PS-01,433.1,ITDemand.csv
PS-01,797.26,ITDemand.csv
PS-01,33736.47,ITDemand.csv
PS-01,21897.46,ITDemand.csv
PS-01,24622.69,ITDemand.csv
PS-01,28959.98,ITDemand.csv
PS-01,8359.23,ITDemand.csv
PS-01,3815.34,ITDemand.csv
PS-01,9519.15,ITDemand.csv
PS-01,7367.7,ITDemand.csv
PS-01,7004.87,ITDemand.csv
PS-01,4637.23,ITDemand.csv
PS-01,5160.45,ITDemand.csv
IS-01,71015.1,implementation.csv
IS-01,18463.93,implementation.csv
IS-01,37458.87,implementation.csv
IS-01,947.84,implementation.csv
IS-01,859.85,implementation.csv
IS-01,41955.53,implementation.csv
IS-01,4320.38,implementation.csv
IS-01,35608.66,implementation.csv
IS-01,25430.37,implementation.csv
IS-01,536.04,implementation.csv
IS-01,9661.95,implementation.csv
IS-01,6997.38,implementation.csv
IS-01,3756.96,implementation.csv
IS-01,7270.82,implementation.csv
IS-01,2716.36,implementation.csv
IS-01,3899.35,implementation.csv
Exec-Office-01,54656.52,phones.csv
Exec-Office-01,14210.7,phones.csv
Exec-Office-01,45078.83,phones.csv
Exec-Office-01,385.16,phones.csv
Exec-Office-01,13,phones.csv
Exec-Office-01,36582.59,phones.csv
Exec-Office-01,33142.76,phones.csv
Exec-Office-01,15958.61,phones.csv
Exec-Office-01,17664.69,phones.csv
Exec-Office-01,4277.98,phones.csv
Exec-Office-01,8964.81,phones.csv
Exec-Office-01,4797.44,phones.csv
Exec-Office-01,9828.21,phones.csv
Exec-Office-01,6575.83,phones.csv
Exec-Office-01,2728.23,phones.csv
Exec-Office-01,1995.53,phones.csv
LEG-01,42384.21,sales.csv
LEG-01,11019.89,sales.csv
LEG-01,51928.23,sales.csv
LEG-01,21.12,sales.csv
LEG-01,54.14,sales.csv
LEG-01,17844.77,sales.csv
LEG-01,15146.6,sales.csv
LEG-01,26931.15,sales.csv
LEG-01,43823.99,sales.csv
LEG-01,7153.1,sales.csv
LEG-01,755.48,sales.csv
LEG-01,1830.2,sales.csv
LEG-01,2839.92,sales.csv
LEG-01,2124.83,sales.csv
LEG-01,2952.41,sales.csv
LEG-01,6068.86,sales.csv
TAX-01,94821.86,payroll.csv
TAX-01,24653.68,payroll.csv
TAX-01,75577.65,payroll.csv
TAX-01,942.64,payroll.csv
TAX-01,857.22,payroll.csv
TAX-01,25074.08,payroll.csv
TAX-01,944.57,payroll.csv
TAX-01,6816.46,payroll.csv
TAX-01,14757.59,payroll.csv
TAX-01,9384.18,payroll.csv
TAX-01,3695.3,payroll.csv
TAX-01,2850.99,payroll.csv
TAX-01,2706.36,payroll.csv
TAX-01,9163.87,payroll.csv
TAX-01,3566.86,payroll.csv
TAX-01,2223.76,payroll.csv
Sales-01,66922.74,implementation.csv
Sales-01,17399.91,implementation.csv
Sales-01,64249.09,implementation.csv
Sales-01,21.48,implementation.csv
Sales-01,530.15,implementation.csv
Sales-01,27596.28,implementation.csv
Sales-01,16463.3,implementation.csv
Sales-01,32794.59,implementation.csv
Sales-01,13990.61,implementation.csv
Sales-01,7228.93,implementation.csv
Sales-01,800.3,implementation.csv
Sales-01,9273.51,implementation.csv
Sales-01,4740.52,implementation.csv
Sales-01,678.04,implementation.csv
Sales-01,5855.73,implementation.csv
Sales-01,1021.68,implementation.csv
Sales-02,15261.31,phones.csv
Sales-02,3967.94,phones.csv
Sales-02,78417.22,phones.csv
Sales-02,408.29,phones.csv
Sales-02,544.37,phones.csv
Sales-02,4578.22,phones.csv
Sales-02,21133.31,phones.csv
Sales-02,31002.04,phones.csv
Sales-02,8684.98,phones.csv
Sales-02,551.67,phones.csv
Sales-02,3039.23,phones.csv
Sales-02,528.43,phones.csv
Sales-02,855.17,phones.csv
Sales-02,6348.89,phones.csv
Sales-02,8954.77,phones.csv
Sales-02,1034.1,phones.csv
Sales-03,16411.91,sales.csv
Sales-03,4267.1,sales.csv
Sales-03,62973.89,sales.csv
Sales-03,312.78,sales.csv
Sales-03,248.7,sales.csv
Sales-03,42284.04,sales.csv
Sales-03,5819.69,sales.csv
Sales-03,19514.78,sales.csv
Sales-03,16675.47,sales.csv
Sales-03,2936.62,sales.csv
Sales-03,2710.8,sales.csv
Sales-03,4177.88,sales.csv
Sales-03,1766.9,sales.csv
Sales-03,6030.19,sales.csv
Sales-03,3180.42,sales.csv
Sales-03,4035.1,sales.csv
Sales-04,15543.57,payroll.csv
Sales-04,4041.33,payroll.csv
Sales-04,1347.29,payroll.csv
Sales-04,848.06,payroll.csv
Sales-04,783.67,payroll.csv
Sales-04,21833.18,payroll.csv
Sales-04,40848.66,payroll.csv
Sales-04,43913.27,payroll.csv
Sales-04,23523.12,payroll.csv
Sales-04,4205.47,payroll.csv
Sales-04,6729.07,payroll.csv
Sales-04,7861.74,payroll.csv
Sales-04,7316.17,payroll.csv
Sales-04,8593.85,payroll.csv
Sales-04,2213.31,payroll.csv
Sales-04,944.7,payroll.csv
Sales-05,81355.33,payroll.csv
Sales-05,21152.39,payroll.csv
Sales-05,75336.63,payroll.csv
Sales-05,49.54,payroll.csv
Sales-05,206.96,payroll.csv
Sales-05,3079.87,payroll.csv
Sales-05,17433.81,payroll.csv
Sales-05,24675.5,payroll.csv
Sales-05,29601.01,payroll.csv
Sales-05,1365.59,payroll.csv
Sales-05,224.94,payroll.csv
Sales-05,4841.67,payroll.csv
Sales-05,426.12,payroll.csv
Sales-05,8507.95,payroll.csv
Sales-05,2728.24,payroll.csv
Sales-05,3080.9,payroll.csv
Marketing-01,37234.42,payroll.csv
Marketing-01,9680.95,payroll.csv
Marketing-01,75809.82,payroll.csv
Marketing-01,634.22,payroll.csv
Marketing-01,563.31,payroll.csv
Marketing-01,24158.23,payroll.csv
Marketing-01,7130.25,payroll.csv
Marketing-01,1796.96,payroll.csv
Marketing-01,34795.63,payroll.csv
Marketing-01,1001.76,payroll.csv
Marketing-01,745.61,payroll.csv
Marketing-01,7536.52,payroll.csv
Marketing-01,9189.41,payroll.csv
Marketing-01,9995.62,payroll.csv
Marketing-01,253.43,payroll.csv
Marketing-01,8188.3,payroll.csv
Marketing-02,82829.62,implementation.csv
Marketing-02,21535.7,implementation.csv
Marketing-02,25236.21,implementation.csv
Marketing-02,305.71,implementation.csv
Marketing-02,208.43,implementation.csv
Marketing-02,42100.86,implementation.csv
Marketing-02,23755.07,implementation.csv
Marketing-02,17920.94,implementation.csv
Marketing-02,35964.56,implementation.csv
Marketing-02,2709.32,implementation.csv
Marketing-02,7601.98,implementation.csv
Marketing-02,9335.65,implementation.csv
Marketing-02,7600.94,implementation.csv
Marketing-02,5570.47,implementation.csv
Marketing-02,5984.48,implementation.csv
Marketing-02,8909.27,implementation.csv
Marketing-03,46928.52,phones.csv
Marketing-03,12201.42,phones.csv
Marketing-03,61136.77,phones.csv
Marketing-03,992.69,phones.csv
Marketing-03,273.26,phones.csv
Marketing-03,23206.62,phones.csv
Marketing-03,13055.38,phones.csv
Marketing-03,31041.34,phones.csv
Marketing-03,987.2,phones.csv
Marketing-03,1027.35,phones.csv
Marketing-03,1650.98,phones.csv
Marketing-03,2978.14,phones.csv
Marketing-03,5487.76,phones.csv
Marketing-03,6192.99,phones.csv
Marketing-03,750.54,phones.csv
Marketing-03,45.49,phones.csv
Product-Mgmt-01,51699.6,sales.csv
Product-Mgmt-01,13441.9,sales.csv
Product-Mgmt-01,88630.77,sales.csv
Product-Mgmt-01,271.1,sales.csv
Product-Mgmt-01,84.93,sales.csv
Product-Mgmt-01,34308.01,sales.csv
Product-Mgmt-01,16157.67,sales.csv
Product-Mgmt-01,9262.61,sales.csv
Product-Mgmt-01,30396.99,sales.csv
Product-Mgmt-01,6824.07,sales.csv
Product-Mgmt-01,4180.38,sales.csv
Product-Mgmt-01,2864.07,sales.csv
Product-Mgmt-01,8183.67,sales.csv
Product-Mgmt-01,5989.35,sales.csv
Product-Mgmt-01,7820.04,sales.csv
Product-Mgmt-01,8903.18,sales.csv
R&D-01,11497.05,ITDemand.csv
R&D-01,2989.23,ITDemand.csv
R&D-01,47791.44,ITDemand.csv
R&D-01,774.53,ITDemand.csv
R&D-01,376.98,ITDemand.csv
R&D-01,5928.44,ITDemand.csv
R&D-01,14356.61,ITDemand.csv
R&D-01,14611.84,ITDemand.csv
R&D-01,35965.02,ITDemand.csv
R&D-01,4507.5,ITDemand.csv
R&D-01,9877.27,ITDemand.csv
R&D-01,228.11,ITDemand.csv
R&D-01,2288.81,ITDemand.csv
R&D-01,5777.31,ITDemand.csv
R&D-01,9687.32,ITDemand.csv
R&D-01,7853.05,ITDemand.csv
R&D-02,33761.26,ITDemand.csv
R&D-02,8777.93,ITDemand.csv
R&D-02,64358.23,ITDemand.csv
R&D-02,593.69,ITDemand.csv
R&D-02,693.86,ITDemand.csv
R&D-02,34149.58,ITDemand.csv
R&D-02,39907.19,ITDemand.csv
R&D-02,12657.73,ITDemand.csv
R&D-02,25793.57,ITDemand.csv
R&D-02,7099.01,ITDemand.csv
R&D-02,795.87,ITDemand.csv
R&D-02,399.39,ITDemand.csv
R&D-02,6200.76,ITDemand.csv
R&D-02,9501.21,ITDemand.csv
R&D-02,2539.37,ITDemand.csv
R&D-02,282.19,ITDemand.csv
R&D-03,11585.13,ITDemand.csv
R&D-03,3012.13,ITDemand.csv
R&D-03,47561.28,ITDemand.csv
R&D-03,288.88,ITDemand.csv
R&D-03,155.64,ITDemand.csv
R&D-03,26796,ITDemand.csv
R&D-03,12568.84,ITDemand.csv
R&D-03,42561.78,ITDemand.csv
R&D-03,41069.6,ITDemand.csv
R&D-03,2496.64,ITDemand.csv
R&D-03,3505.28,ITDemand.csv
R&D-03,7412.31,ITDemand.csv
R&D-03,1510.97,ITDemand.csv
R&D-03,8338.07,ITDemand.csv
R&D-03,3819.94,ITDemand.csv
R&D-03,4009,ITDemand.csv
R&D-04,46718.4,ITDemand.csv
R&D-04,12146.78,ITDemand.csv
R&D-04,84321.45,ITDemand.csv
R&D-04,949.41,ITDemand.csv
R&D-04,834.48,ITDemand.csv
R&D-04,14259.66,ITDemand.csv
R&D-04,42959.01,ITDemand.csv
R&D-04,16158.9,ITDemand.csv
R&D-04,41973.62,ITDemand.csv
R&D-04,1338.27,ITDemand.csv
R&D-04,3106.93,ITDemand.csv
R&D-04,3518.05,ITDemand.csv
R&D-04,3217.07,ITDemand.csv
R&D-04,247.08,ITDemand.csv
R&D-04,4670.55,ITDemand.csv
R&D-04,7034.05,ITDemand.csv
FIN-01,16128.42,ITDemand.csv
FIN-01,4193.39,ITDemand.csv
FIN-01,22705.27,ITDemand.csv
FIN-01,18.36,ITDemand.csv
FIN-01,87.12,ITDemand.csv
FIN-01,43576.79,ITDemand.csv
FIN-01,40391.45,ITDemand.csv
FIN-01,948,ITDemand.csv
FIN-01,338.57,ITDemand.csv
FIN-01,4255.8,ITDemand.csv
FIN-01,4294.93,ITDemand.csv
FIN-01,2091.68,ITDemand.csv
FIN-01,6762.87,ITDemand.csv
FIN-01,2839.16,ITDemand.csv
FIN-01,3081.08,ITDemand.csv
FIN-01,4161.29,ITDemand.csv
ACC-01,9759.98,ITDemand.csv
ACC-01,2537.59,ITDemand.csv
ACC-01,41288.95,ITDemand.csv
ACC-01,261.11,ITDemand.csv
ACC-01,104.97,ITDemand.csv
ACC-01,43519.44,ITDemand.csv
ACC-01,19837.8,ITDemand.csv
ACC-01,19908.07,ITDemand.csv
ACC-01,39006.97,ITDemand.csv
ACC-01,4896.32,ITDemand.csv
ACC-01,4093.61,ITDemand.csv
ACC-01,1057.32,ITDemand.csv
ACC-01,3166.33,ITDemand.csv
ACC-01,4584.2,ITDemand.csv
ACC-01,6524.69,ITDemand.csv
ACC-01,7739.32,ITDemand.csv
IT-01,75625.79,ITDemand.csv
IT-01,19662.71,ITDemand.csv
IT-01,57737.79,ITDemand.csv
IT-01,112.96,ITDemand.csv
IT-01,393.41,ITDemand.csv
IT-01,28568.13,ITDemand.csv
IT-01,37040.38,ITDemand.csv
IT-01,32213.64,ITDemand.csv
IT-01,38062.85,ITDemand.csv
IT-01,9424.42,ITDemand.csv
IT-01,7298.41,ITDemand.csv
IT-01,8599.69,ITDemand.csv
IT-01,8175.31,ITDemand.csv
IT-01,615.07,ITDemand.csv
IT-01,7556.48,ITDemand.csv
IT-01,9208.81,ITDemand.csv
PS-01,16397.38,ITDemand.csv
PS-01,4263.32,ITDemand.csv
PS-01,86644.6,ITDemand.csv
PS-01,867.13,ITDemand.csv
PS-01,338.89,ITDemand.csv
PS-01,41726.9,ITDemand.csv
PS-01,26009.07,ITDemand.csv
PS-01,293.44,ITDemand.csv
PS-01,16953.22,ITDemand.csv
PS-01,5153.4,ITDemand.csv
PS-01,7543.19,ITDemand.csv
PS-01,3409.74,ITDemand.csv
PS-01,5966.08,ITDemand.csv
PS-01,4199.41,ITDemand.csv
PS-01,8379.17,ITDemand.csv
PS-01,8105.17,ITDemand.csv
IS-01,68355.09,implementation.csv
IS-01,17772.32,implementation.csv
IS-01,99916.38,implementation.csv
IS-01,943.51,implementation.csv
IS-01,111.87,implementation.csv
IS-01,24672.53,implementation.csv
IS-01,21568.18,implementation.csv
IS-01,11266.58,implementation.csv
IS-01,34767.98,implementation.csv
IS-01,8941.78,implementation.csv
IS-01,8570.33,implementation.csv
IS-01,3908.13,implementation.csv
IS-01,6248.76,implementation.csv
IS-01,3005.53,implementation.csv
IS-01,6799.13,implementation.csv
IS-01,8360.41,implementation.csv
Exec-Office-01,20220.69,phones.csv
Exec-Office-01,5257.38,phones.csv
Exec-Office-01,92710.07,phones.csv
Exec-Office-01,412.19,phones.csv
Exec-Office-01,70.16,phones.csv
Exec-Office-01,26431.78,phones.csv
Exec-Office-01,25514.3,phones.csv
Exec-Office-01,35293.19,phones.csv
Exec-Office-01,42735.84,phones.csv
Exec-Office-01,1395.94,phones.csv
Exec-Office-01,2467.32,phones.csv
Exec-Office-01,8657.31,phones.csv
Exec-Office-01,6605.35,phones.csv
Exec-Office-01,2685.59,phones.csv
Exec-Office-01,9571,phones.csv
Exec-Office-01,3852.83,phones.csv
LEG-01,54927.72,sales.csv
LEG-01,14281.21,sales.csv
LEG-01,75647.98,sales.csv
LEG-01,357.22,sales.csv
LEG-01,921.17,sales.csv
LEG-01,13997.73,sales.csv
LEG-01,8671,sales.csv
LEG-01,5792.92,sales.csv
LEG-01,36693.49,sales.csv
LEG-01,9588.96,sales.csv
LEG-01,550.55,sales.csv
LEG-01,3015.08,sales.csv
LEG-01,1429.2,sales.csv
LEG-01,5162.73,sales.csv
LEG-01,475.84,sales.csv
LEG-01,7827.13,sales.csv
TAX-01,63262.82,payroll.csv
TAX-01,16448.33,payroll.csv
TAX-01,28979.25,payroll.csv
TAX-01,826.74,payroll.csv
TAX-01,244.85,payroll.csv
TAX-01,1426.14,payroll.csv
TAX-01,11814.65,payroll.csv
TAX-01,12843.55,payroll.csv
TAX-01,14621.02,payroll.csv
TAX-01,9730.06,payroll.csv
TAX-01,6308.69,payroll.csv
TAX-01,2673.36,payroll.csv
TAX-01,3947.86,payroll.csv
TAX-01,838,payroll.csv
TAX-01,8663.39,payroll.csv
TAX-01,6150.67,payroll.csv
Sales-01,44191.87,implementation.csv
Sales-01,11489.89,implementation.csv
Sales-01,35560.85,implementation.csv
Sales-01,744.25,implementation.csv
Sales-01,251.14,implementation.csv
Sales-01,1928.42,implementation.csv
Sales-01,20619.97,implementation.csv
Sales-01,16154.13,implementation.csv
Sales-01,43755.14,implementation.csv
Sales-01,7198.46,implementation.csv
Sales-01,6564.69,implementation.csv
Sales-01,3356.23,implementation.csv
Sales-01,4705.11,implementation.csv
Sales-01,4086.39,implementation.csv
Sales-01,8448.89,implementation.csv
Sales-01,2297.36,implementation.csv
Sales-02,68515.94,phones.csv
Sales-02,17814.14,phones.csv
Sales-02,22024.04,phones.csv
Sales-02,54.42,phones.csv
Sales-02,148.09,phones.csv
Sales-02,24502.38,phones.csv
Sales-02,578.18,phones.csv
Sales-02,13706.91,phones.csv
Sales-02,10830.52,phones.csv
Sales-02,5970.16,phones.csv
Sales-02,7624.06,phones.csv
Sales-02,1646.67,phones.csv
Sales-02,506.09,phones.csv
Sales-02,5061.98,phones.csv
Sales-02,5339.1,phones.csv
Sales-02,1269.96,phones.csv
Sales-03,28506.22,sales.csv
Sales-03,7411.62,sales.csv
Sales-03,39736.05,sales.csv
Sales-03,967.68,sales.csv
Sales-03,347.05,sales.csv
Sales-03,31442.82,sales.csv
Sales-03,15797.47,sales.csv
Sales-03,24239.38,sales.csv
Sales-03,42753.23,sales.csv
Sales-03,3393.85,sales.csv
Sales-03,9506.24,sales.csv
Sales-03,7741.84,sales.csv
Sales-03,9965.29,sales.csv
Sales-03,7888.61,sales.csv
Sales-03,4070.86,sales.csv
Sales-03,5003.78,sales.csv
Sales-04,92119.81,payroll.csv
Sales-04,23951.15,payroll.csv
Sales-04,89760.72,payroll.csv
Sales-04,160.54,payroll.csv
Sales-04,424.61,payroll.csv
Sales-04,26452.6,payroll.csv
Sales-04,5085.15,payroll.csv
Sales-04,14631.24,payroll.csv
Sales-04,28134.24,payroll.csv
Sales-04,8124.61,payroll.csv
Sales-04,3349.07,payroll.csv
Sales-04,9280.15,payroll.csv
Sales-04,2668.97,payroll.csv
Sales-04,5230.99,payroll.csv
Sales-04,4927.52,payroll.csv
Sales-04,3916.3,payroll.csv
Sales-05,93888.96,payroll.csv
Sales-05,24411.13,payroll.csv
Sales-05,56909.15,payroll.csv
Sales-05,912.15,payroll.csv
Sales-05,406,payroll.csv
Sales-05,30501.81,payroll.csv
Sales-05,28529.32,payroll.csv
Sales-05,4431.97,payroll.csv
Sales-05,19142.47,payroll.csv
Sales-05,9127.3,payroll.csv
Sales-05,500.94,payroll.csv
Sales-05,8260.18,payroll.csv
Sales-05,1363.96,payroll.csv
Sales-05,8469.07,payroll.csv
Sales-05,8169.75,payroll.csv
Sales-05,795.71,payroll.csv
Marketing-01,24355.31,payroll.csv
Marketing-01,6332.38,payroll.csv
Marketing-01,76380.39,payroll.csv
Marketing-01,383.79,payroll.csv
Marketing-01,633.79,payroll.csv
Marketing-01,16286.85,payroll.csv
Marketing-01,33884.18,payroll.csv
Marketing-01,36006.04,payroll.csv
Marketing-01,11219.66,payroll.csv
Marketing-01,979.76,payroll.csv
Marketing-01,5610.05,payroll.csv
Marketing-01,2498.32,payroll.csv
Marketing-01,3519.85,payroll.csv
Marketing-01,3308.76,payroll.csv
Marketing-01,5746.56,payroll.csv
Marketing-01,2052.33,payroll.csv
Marketing-02,93714.58,implementation.csv
Marketing-02,24365.79,implementation.csv
Marketing-02,76617.02,implementation.csv
Marketing-02,18.64,implementation.csv
Marketing-02,896.82,implementation.csv
Marketing-02,38352.48,implementation.csv
Marketing-02,12689.63,implementation.csv
Marketing-02,8946.67,implementation.csv
Marketing-02,14146.98,implementation.csv
Marketing-02,7072.89,implementation.csv
Marketing-02,5274.07,implementation.csv
Marketing-02,3755.83,implementation.csv
Marketing-02,437.72,implementation.csv
Marketing-02,525.01,implementation.csv
Marketing-02,1694.29,implementation.csv
Marketing-02,8484.82,implementation.csv
Marketing-03,5661.31,phones.csv
Marketing-03,1471.94,phones.csv
Marketing-03,54890.67,phones.csv
Marketing-03,391.58,phones.csv
Marketing-03,513.92,phones.csv
Marketing-03,40432.3,phones.csv
Marketing-03,40983.28,phones.csv
Marketing-03,37838.16,phones.csv
Marketing-03,10778.21,phones.csv
Marketing-03,9285.22,phones.csv
Marketing-03,9450.55,phones.csv
Marketing-03,3998.68,phones.csv
Marketing-03,1416.88,phones.csv
Marketing-03,6561.38,phones.csv
Marketing-03,4069.11,phones.csv
Marketing-03,9944.51,phones.csv
Product-Mgmt-01,94248.61,sales.csv
Product-Mgmt-01,24504.64,sales.csv
Product-Mgmt-01,90073.88,sales.csv
Product-Mgmt-01,246.63,sales.csv
Product-Mgmt-01,566.22,sales.csv
Product-Mgmt-01,25082.26,sales.csv
Product-Mgmt-01,10059.13,sales.csv
Product-Mgmt-01,13739.36,sales.csv
Product-Mgmt-01,29200.59,sales.csv
Product-Mgmt-01,9794.23,sales.csv
Product-Mgmt-01,6713.22,sales.csv
Product-Mgmt-01,6227.4,sales.csv
Product-Mgmt-01,20.96,sales.csv
Product-Mgmt-01,6370.19,sales.csv
Product-Mgmt-01,5213.82,sales.csv
Product-Mgmt-01,5448.19,sales.csv
R&D-01,56845.08,ITDemand.csv
R&D-01,14779.72,ITDemand.csv
R&D-01,92025.34,ITDemand.csv
R&D-01,5.83,ITDemand.csv
R&D-01,101.26,ITDemand.csv
R&D-01,43128.11,ITDemand.csv
R&D-01,39338.7,ITDemand.csv
R&D-01,43629.8,ITDemand.csv
R&D-01,32935.9,ITDemand.csv
R&D-01,160.03,ITDemand.csv
R&D-01,6653.48,ITDemand.csv
R&D-01,3909.09,ITDemand.csv
R&D-01,1384.31,ITDemand.csv
R&D-01,3448.53,ITDemand.csv
R&D-01,6781.25,ITDemand.csv
R&D-01,6134.67,ITDemand.csv
R&D-02,29485.3,ITDemand.csv
R&D-02,7666.18,ITDemand.csv
R&D-02,57812.7,ITDemand.csv
R&D-02,371.25,ITDemand.csv
R&D-02,689.84,ITDemand.csv
R&D-02,8104.71,ITDemand.csv
R&D-02,1884.51,ITDemand.csv
R&D-02,10808.21,ITDemand.csv
R&D-02,29388.33,ITDemand.csv
R&D-02,3550.94,ITDemand.csv
R&D-02,8719.75,ITDemand.csv
R&D-02,4990.04,ITDemand.csv
R&D-02,5045.95,ITDemand.csv
R&D-02,7182.42,ITDemand.csv
R&D-02,637.55,ITDemand.csv
R&D-02,421.1,ITDemand.csv
R&D-03,55403.71,ITDemand.csv
R&D-03,14404.96,ITDemand.csv
R&D-03,74825.44,ITDemand.csv
R&D-03,888.36,ITDemand.csv
R&D-03,988.78,ITDemand.csv
R&D-03,24134.17,ITDemand.csv
R&D-03,38342.73,ITDemand.csv
R&D-03,285.89,ITDemand.csv
R&D-03,38185.09,ITDemand.csv
R&D-03,9540.57,ITDemand.csv
R&D-03,4581.83,ITDemand.csv
R&D-03,598.66,ITDemand.csv
R&D-03,6351.88,ITDemand.csv
R&D-03,3748.89,ITDemand.csv
R&D-03,4703.86,ITDemand.csv
R&D-03,6971.68,ITDemand.csv
R&D-04,2890.9,ITDemand.csv
R&D-04,751.63,ITDemand.csv
R&D-04,20664.74,ITDemand.csv
R&D-04,153.67,ITDemand.csv
R&D-04,927.16,ITDemand.csv
R&D-04,12879.9,ITDemand.csv
R&D-04,5617.52,ITDemand.csv
R&D-04,25874.53,ITDemand.csv
R&D-04,17621.78,ITDemand.csv
R&D-04,1192.78,ITDemand.csv
R&D-04,3466.09,ITDemand.csv
R&D-04,6555.49,ITDemand.csv
R&D-04,4228.73,ITDemand.csv
R&D-04,1252.84,ITDemand.csv
R&D-04,3450.03,ITDemand.csv
R&D-04,2819.82,ITDemand.csv
FIN-01,44301.75,ITDemand.csv
FIN-01,11518.46,ITDemand.csv
FIN-01,26043.99,ITDemand.csv
FIN-01,689.85,ITDemand.csv
FIN-01,370.33,ITDemand.csv
FIN-01,3114.88,ITDemand.csv
FIN-01,17203.69,ITDemand.csv
FIN-01,20019.61,ITDemand.csv
FIN-01,41109.44,ITDemand.csv
FIN-01,4829.44,ITDemand.csv
FIN-01,2218.18,ITDemand.csv
FIN-01,2690.08,ITDemand.csv
FIN-01,6249.75,ITDemand.csv
FIN-01,862.25,ITDemand.csv
FIN-01,7664.27,ITDemand.csv
FIN-01,6020.19,ITDemand.csv
ACC-01,12612.56,ITDemand.csv
ACC-01,3279.27,ITDemand.csv
ACC-01,84060.49,ITDemand.csv
ACC-01,273.69,ITDemand.csv
ACC-01,526.1,ITDemand.csv
ACC-01,8922.66,ITDemand.csv
ACC-01,32054.17,ITDemand.csv
ACC-01,38688.06,ITDemand.csv
ACC-01,17508.38,ITDemand.csv
ACC-01,4093.02,ITDemand.csv
ACC-01,8993.46,ITDemand.csv
ACC-01,1546.85,ITDemand.csv
ACC-01,6442.22,ITDemand.csv
ACC-01,8688.51,ITDemand.csv
ACC-01,5219.59,ITDemand.csv
ACC-01,8225.46,ITDemand.csv
IT-01,38823.44,ITDemand.csv
IT-01,10094.09,ITDemand.csv
IT-01,3270.9,ITDemand.csv
IT-01,209.44,ITDemand.csv
IT-01,894.4,ITDemand.csv
IT-01,28318.46,ITDemand.csv
IT-01,30260.92,ITDemand.csv
IT-01,1788.69,ITDemand.csv
IT-01,23345.66,ITDemand.csv
IT-01,6721.48,ITDemand.csv
IT-01,7687.65,ITDemand.csv
IT-01,5217.38,ITDemand.csv
IT-01,9617.21,ITDemand.csv
IT-01,9093.76,ITDemand.csv
IT-01,2717.9,ITDemand.csv
IT-01,3152,ITDemand.csv
PS-01,93005.96,ITDemand.csv
PS-01,24181.55,ITDemand.csv
PS-01,23437.91,ITDemand.csv
PS-01,252.48,ITDemand.csv
PS-01,846.68,ITDemand.csv
PS-01,941.67,ITDemand.csv
PS-01,22344.5,ITDemand.csv
PS-01,43842.17,ITDemand.csv
PS-01,26988.38,ITDemand.csv
PS-01,3734.93,ITDemand.csv
PS-01,3379.74,ITDemand.csv
PS-01,150.28,ITDemand.csv
PS-01,8596.21,ITDemand.csv
PS-01,3046.62,ITDemand.csv
PS-01,4502.6,ITDemand.csv
PS-01,9688.67,ITDemand.csv
IS-01,68504.5,implementation.csv
IS-01,17811.17,implementation.csv
IS-01,31453.29,implementation.csv
IS-01,912.09,implementation.csv
IS-01,94.95,implementation.csv
IS-01,32119.37,implementation.csv
IS-01,18802.72,implementation.csv
IS-01,12272.07,implementation.csv
IS-01,9002.71,implementation.csv
IS-01,9135.63,implementation.csv
IS-01,5857.96,implementation.csv
IS-01,4159.14,implementation.csv
IS-01,3849.78,implementation.csv
IS-01,9691.71,implementation.csv
IS-01,62.36,implementation.csv
IS-01,4598.86,implementation.csv
Exec-Office-01,56684.33,phones.csv
Exec-Office-01,14737.93,phones.csv
Exec-Office-01,92594.3,phones.csv
Exec-Office-01,811.35,phones.csv
Exec-Office-01,700.67,phones.csv
Exec-Office-01,25691.14,phones.csv
Exec-Office-01,33911.24,phones.csv
Exec-Office-01,14420.61,phones.csv
Exec-Office-01,41450.07,phones.csv
Exec-Office-01,5089.47,phones.csv
Exec-Office-01,9431.38,phones.csv
Exec-Office-01,9853.15,phones.csv
Exec-Office-01,2358,phones.csv
Exec-Office-01,8958.61,phones.csv
Exec-Office-01,4738.03,phones.csv
Exec-Office-01,4371.9,phones.csv
LEG-01,86861.68,sales.csv
LEG-01,22584.04,sales.csv
LEG-01,87257.61,sales.csv
LEG-01,641.1,sales.csv
LEG-01,289.7,sales.csv
LEG-01,34816.24,sales.csv
LEG-01,625.14,sales.csv
LEG-01,11465.73,sales.csv
LEG-01,22560.42,sales.csv
LEG-01,1871.16,sales.csv
LEG-01,9997.67,sales.csv
LEG-01,6650.88,sales.csv
LEG-01,9838.87,sales.csv
LEG-01,5125.25,sales.csv
LEG-01,5524.84,sales.csv
LEG-01,7123.67,sales.csv
TAX-01,49541.87,payroll.csv
TAX-01,12880.89,payroll.csv
TAX-01,56724.64,payroll.csv
TAX-01,713.98,payroll.csv
TAX-01,274.01,payroll.csv
TAX-01,21902.44,payroll.csv
TAX-01,18264.24,payroll.csv
TAX-01,30792.35,payroll.csv
TAX-01,18157.92,payroll.csv
TAX-01,1596.16,payroll.csv
TAX-01,5759.33,payroll.csv
TAX-01,8649.51,payroll.csv
TAX-01,6115.85,payroll.csv
TAX-01,8728.53,payroll.csv
TAX-01,7627.47,payroll.csv
TAX-01,9703.58,payroll.csv
