CostCenter_Name,Account_Name,BPA
Accounting,Salary,sales.csv
Accounting,Benefits,sales.csv
Accounting,Contractors,sales.csv
Accounting,Travel-Trips,sales.csv
Accounting,Travel-Hotels,sales.csv
Accounting,Professional-Services-Consultants,sales.csv
Accounting,Legal-Consultants,sales.csv
Accounting,Legal-Corporate Fees,sales.csv
Accounting,Legal-Employment Fees,sales.csv
Accounting,IT-Application-On-Premise,ITDemand.csv
Accounting,IT-Application-Subscription,ITDemand.csv
Accounting,IT-Infrastructure,ITDemand.csv
Accounting,IT-Consultant-System Implementation,ITDemand.csv
Accounting,Facilities-Offices,sales.csv
Accounting,Facilities-Supplies,sales.csv
Exec-Office,Salary,sales.csv
Exec-Office,Benefits,sales.csv
Exec-Office,Contractors,sales.csv
Exec-Office,Travel-Trips,sales.csv
Exec-Office,Travel-Hotels,sales.csv
Exec-Office,Professional-Services-Consultants,sales.csv
Exec-Office,Legal-Consultants,sales.csv
Exec-Office,Legal-Corporate Fees,sales.csv
Exec-Office,Legal-Employment Fees,sales.csv
Exec-Office,IT-Application-On-Premise,sales.csv
Exec-Office,IT-Application-Subscription,sales.csv
Exec-Office,IT-Infrastructure,sales.csv
Exec-Office,IT-Consultant-System Implementation,sales.csv
Exec-Office,Facilities-Offices,sales.csv
Exec-Office,Facilities-Supplies,sales.csv
Finance,Salary,sales.csv
Finance,Benefits,sales.csv
Finance,Contractors,sales.csv
Finance,Travel-Trips,sales.csv
Finance,Travel-Hotels,sales.csv
Finance,Professional-Services-Consultants,sales.csv
Finance,Legal-Consultants,sales.csv
Finance,Legal-Corporate Fees,sales.csv
Finance,Legal-Employment Fees,sales.csv
Finance,IT-Application-On-Premise,ITDemand.csv
Finance,IT-Application-Subscription,ITDemand.csv
Finance,IT-Infrastructure,ITDemand.csv
Finance,IT-Consultant-System Implementation,ITDemand.csv
Finance,Facilities-Offices,sales.csv
Finance,Facilities-Supplies,sales.csv
IS,Salary,payroll.csv
IS,Benefits,payroll.csv
IS,Contractors,payroll.csv
IS,Travel-Trips,payroll.csv
IS,Travel-Hotels,payroll.csv
IS,Professional-Services-Consultants,payroll.csv
IS,Legal-Consultants,payroll.csv
IS,Legal-Corporate Fees,payroll.csv
IS,Legal-Employment Fees,payroll.csv
IS,IT-Application-On-Premise,payroll.csv
IS,IT-Application-Subscription,payroll.csv
IS,IT-Infrastructure,payroll.csv
IS,IT-Consultant-System Implementation,payroll.csv
IS,Facilities-Offices,payroll.csv
IS,Facilities-Supplies,payroll.csv
IT,Salary,ITDemand.csv
IT,Benefits,ITDemand.csv
IT,Contractors,ITDemand.csv
IT,Travel-Trips,ITDemand.csv
IT,Travel-Hotels,ITDemand.csv
IT,Professional-Services-Consultants,ITDemand.csv
IT,Legal-Consultants,ITDemand.csv
IT,Legal-Corporate Fees,ITDemand.csv
IT,Legal-Employment Fees,ITDemand.csv
IT,IT-Application-On-Premise,ITDemand.csv
IT,IT-Application-Subscription,ITDemand.csv
IT,IT-Infrastructure,ITDemand.csv
IT,IT-Consultant-System Implementation,ITDemand.csv
IT,Facilities-Offices,ITDemand.csv
IT,Facilities-Supplies,ITDemand.csv
Legal,Salary,sales.csv
Legal,Benefits,sales.csv
Legal,Contractors,sales.csv
Legal,Travel-Trips,sales.csv
Legal,Travel-Hotels,sales.csv
Legal,Professional-Services-Consultants,sales.csv
Legal,Legal-Consultants,sales.csv
Legal,Legal-Corporate Fees,sales.csv
Legal,Legal-Employment Fees,sales.csv
Legal,IT-Application-On-Premise,ITDemand.csv
Legal,IT-Application-Subscription,ITDemand.csv
Legal,IT-Infrastructure,ITDemand.csv
Legal,IT-Consultant-System Implementation,ITDemand.csv
Legal,Facilities-Offices,sales.csv
Legal,Facilities-Supplies,sales.csv
Marketing-Events,Salary,sales.csv
Marketing-Events,Benefits,sales.csv
Marketing-Events,Contractors,sales.csv
Marketing-Events,Travel-Trips,sales.csv
Marketing-Events,Travel-Hotels,sales.csv
Marketing-Events,Professional-Services-Consultants,sales.csv
Marketing-Events,Legal-Consultants,sales.csv
Marketing-Events,Legal-Corporate Fees,sales.csv
Marketing-Events,Legal-Employment Fees,sales.csv
Marketing-Events,IT-Application-On-Premise,ITDemand.csv
Marketing-Events,IT-Application-Subscription,ITDemand.csv
Marketing-Events,IT-Infrastructure,ITDemand.csv
Marketing-Events,IT-Consultant-System Implementation,ITDemand.csv
Marketing-Events,Facilities-Offices,sales.csv
Marketing-Events,Facilities-Supplies,sales.csv
Marketing-Research,Salary,sales.csv
Marketing-Research,Benefits,sales.csv
Marketing-Research,Contractors,sales.csv
Marketing-Research,Travel-Trips,sales.csv
Marketing-Research,Travel-Hotels,sales.csv
Marketing-Research,Professional-Services-Consultants,sales.csv
Marketing-Research,Legal-Consultants,sales.csv
Marketing-Research,Legal-Corporate Fees,sales.csv
Marketing-Research,Legal-Employment Fees,sales.csv
Marketing-Research,IT-Application-On-Premise,ITDemand.csv
Marketing-Research,IT-Application-Subscription,ITDemand.csv
Marketing-Research,IT-Infrastructure,ITDemand.csv
Marketing-Research,IT-Consultant-System Implementation,ITDemand.csv
Marketing-Research,Facilities-Offices,sales.csv
Marketing-Research,Facilities-Supplies,sales.csv
Marketing-PR,Salary,sales.csv
Marketing-PR,Benefits,sales.csv
Marketing-PR,Contractors,sales.csv
Marketing-PR,Travel-Trips,sales.csv
Marketing-PR,Travel-Hotels,sales.csv
Marketing-PR,Professional-Services-Consultants,sales.csv
Marketing-PR,Legal-Consultants,sales.csv
Marketing-PR,Legal-Corporate Fees,sales.csv
Marketing-PR,Legal-Employment Fees,sales.csv
Marketing-PR,IT-Application-On-Premise,ITDemand.csv
Marketing-PR,IT-Application-Subscription,ITDemand.csv
Marketing-PR,IT-Infrastructure,ITDemand.csv
Marketing-PR,IT-Consultant-System Implementation,ITDemand.csv
Marketing-PR,Facilities-Offices,sales.csv
Marketing-PR,Facilities-Supplies,sales.csv
Product-Management,Salary,implementation.csv
Product-Management,Benefits,implementation.csv
Product-Management,Contractors,implementation.csv
Product-Management,Travel-Trips,implementation.csv
Product-Management,Travel-Hotels,implementation.csv
Product-Management,Professional-Services-Consultants,implementation.csv
Product-Management,Legal-Consultants,implementation.csv
Product-Management,Legal-Corporate Fees,implementation.csv
Product-Management,Legal-Employment Fees,implementation.csv
Product-Management,IT-Application-On-Premise,ITDemand.csv
Product-Management,IT-Application-Subscription,ITDemand.csv
Product-Management,IT-Infrastructure,ITDemand.csv
Product-Management,IT-Consultant-System Implementation,ITDemand.csv
Product-Management,Facilities-Offices,implementation.csv
Product-Management,Facilities-Supplies,implementation.csv
PS,Salary,implementation.csv
PS,Benefits,implementation.csv
PS,Contractors,implementation.csv
PS,Travel-Trips,implementation.csv
PS,Travel-Hotels,implementation.csv
PS,Professional-Services-Consultants,implementation.csv
PS,Legal-Consultants,implementation.csv
PS,Legal-Corporate Fees,implementation.csv
PS,Legal-Employment Fees,implementation.csv
PS,IT-Application-On-Premise,implementation.csv
PS,IT-Application-Subscription,implementation.csv
PS,IT-Infrastructure,implementation.csv
PS,IT-Consultant-System Implementation,implementation.csv
PS,Facilities-Offices,implementation.csv
PS,Facilities-Supplies,implementation.csv
R&D-Infrastructure Developmet,Salary,implementation.csv
R&D-Infrastructure Developmet,Benefits,implementation.csv
R&D-Infrastructure Developmet,Contractors,implementation.csv
R&D-Infrastructure Developmet,Travel-Trips,implementation.csv
R&D-Infrastructure Developmet,Travel-Hotels,implementation.csv
R&D-Infrastructure Developmet,Professional-Services-Consultants,implementation.csv
R&D-Infrastructure Developmet,Legal-Consultants,implementation.csv
R&D-Infrastructure Developmet,Legal-Corporate Fees,implementation.csv
R&D-Infrastructure Developmet,Legal-Employment Fees,implementation.csv
R&D-Infrastructure Developmet,IT-Application-On-Premise,ITDemand.csv
R&D-Infrastructure Developmet,IT-Application-Subscription,ITDemand.csv
R&D-Infrastructure Developmet,IT-Infrastructure,ITDemand.csv
R&D-Infrastructure Developmet,IT-Consultant-System Implementation,ITDemand.csv
R&D-Infrastructure Developmet,Facilities-Offices,implementation.csv
R&D-Infrastructure Developmet,Facilities-Supplies,implementation.csv
R&D-Applications Development,Salary,implementation.csv
R&D-Applications Development,Benefits,implementation.csv
R&D-Applications Development,Contractors,implementation.csv
R&D-Applications Development,Travel-Trips,implementation.csv
R&D-Applications Development,Travel-Hotels,implementation.csv
R&D-Applications Development,Professional-Services-Consultants,implementation.csv
R&D-Applications Development,Legal-Consultants,implementation.csv
R&D-Applications Development,Legal-Corporate Fees,implementation.csv
R&D-Applications Development,Legal-Employment Fees,implementation.csv
R&D-Applications Development,IT-Application-On-Premise,ITDemand.csv
R&D-Applications Development,IT-Application-Subscription,ITDemand.csv
R&D-Applications Development,IT-Infrastructure,ITDemand.csv
R&D-Applications Development,IT-Consultant-System Implementation,ITDemand.csv
R&D-Applications Development,Facilities-Offices,implementation.csv
R&D-Applications Development,Facilities-Supplies,implementation.csv
R&D-Research,Salary,implementation.csv
R&D-Research,Benefits,implementation.csv
R&D-Research,Contractors,implementation.csv
R&D-Research,Travel-Trips,implementation.csv
R&D-Research,Travel-Hotels,implementation.csv
R&D-Research,Professional-Services-Consultants,implementation.csv
R&D-Research,Legal-Consultants,implementation.csv
R&D-Research,Legal-Corporate Fees,implementation.csv
R&D-Research,Legal-Employment Fees,implementation.csv
R&D-Research,IT-Application-On-Premise,ITDemand.csv
R&D-Research,IT-Application-Subscription,ITDemand.csv
R&D-Research,IT-Infrastructure,ITDemand.csv
R&D-Research,IT-Consultant-System Implementation,ITDemand.csv
R&D-Research,Facilities-Offices,implementation.csv
R&D-Research,Facilities-Supplies,implementation.csv
R&D-Parternerships,Salary,sales.csv
R&D-Parternerships,Benefits,sales.csv
R&D-Parternerships,Contractors,sales.csv
R&D-Parternerships,Travel-Trips,sales.csv
R&D-Parternerships,Travel-Hotels,sales.csv
R&D-Parternerships,Professional-Services-Consultants,sales.csv
R&D-Parternerships,Legal-Consultants,sales.csv
R&D-Parternerships,Legal-Corporate Fees,sales.csv
R&D-Parternerships,Legal-Employment Fees,sales.csv
R&D-Parternerships,IT-Application-On-Premise,ITDemand.csv
R&D-Parternerships,IT-Application-Subscription,ITDemand.csv
R&D-Parternerships,IT-Infrastructure,ITDemand.csv
R&D-Parternerships,IT-Consultant-System Implementation,ITDemand.csv
R&D-Parternerships,Facilities-Offices,sales.csv
R&D-Parternerships,Facilities-Supplies,sales.csv
Sales-Direct,Salary,sales.csv
Sales-Direct,Benefits,sales.csv
Sales-Direct,Contractors,sales.csv
Sales-Direct,Travel-Trips,sales.csv
Sales-Direct,Travel-Hotels,sales.csv
Sales-Direct,Professional-Services-Consultants,sales.csv
Sales-Direct,Legal-Consultants,sales.csv
Sales-Direct,Legal-Corporate Fees,sales.csv
Sales-Direct,Legal-Employment Fees,sales.csv
Sales-Direct,IT-Application-On-Premise,ITDemand.csv
Sales-Direct,IT-Application-Subscription,ITDemand.csv
Sales-Direct,IT-Infrastructure,ITDemand.csv
Sales-Direct,IT-Consultant-System Implementation,ITDemand.csv
Sales-Direct,Facilities-Offices,phones.csv
Sales-Direct,Facilities-Supplies,phones.csv
Sales-Partners,Salary,sales.csv
Sales-Partners,Benefits,sales.csv
Sales-Partners,Contractors,sales.csv
Sales-Partners,Travel-Trips,sales.csv
Sales-Partners,Travel-Hotels,sales.csv
Sales-Partners,Professional-Services-Consultants,sales.csv
Sales-Partners,Legal-Consultants,sales.csv
Sales-Partners,Legal-Corporate Fees,sales.csv
Sales-Partners,Legal-Employment Fees,sales.csv
Sales-Partners,IT-Application-On-Premise,sales.csv
Sales-Partners,IT-Application-Subscription,sales.csv
Sales-Partners,IT-Infrastructure,sales.csv
Sales-Partners,IT-Consultant-System Implementation,sales.csv
Sales-Partners,Facilities-Offices,sales.csv
Sales-Partners,Facilities-Supplies,sales.csv
Sales-Online,Salary,sales.csv
Sales-Online,Benefits,sales.csv
Sales-Online,Contractors,sales.csv
Sales-Online,Travel-Trips,sales.csv
Sales-Online,Travel-Hotels,sales.csv
Sales-Online,Professional-Services-Consultants,sales.csv
Sales-Online,Legal-Consultants,sales.csv
Sales-Online,Legal-Corporate Fees,sales.csv
Sales-Online,Legal-Employment Fees,sales.csv
Sales-Online,IT-Application-On-Premise,sales.csv
Sales-Online,IT-Application-Subscription,sales.csv
Sales-Online,IT-Infrastructure,sales.csv
Sales-Online,IT-Consultant-System Implementation,sales.csv
Sales-Online,Facilities-Offices,sales.csv
Sales-Online,Facilities-Supplies,sales.csv
Sales-Ops,Salary,sales.csv
Sales-Ops,Benefits,sales.csv
Sales-Ops,Contractors,sales.csv
Sales-Ops,Travel-Trips,sales.csv
Sales-Ops,Travel-Hotels,sales.csv
Sales-Ops,Professional-Services-Consultants,sales.csv
Sales-Ops,Legal-Consultants,sales.csv
Sales-Ops,Legal-Corporate Fees,sales.csv
Sales-Ops,Legal-Employment Fees,sales.csv
Sales-Ops,IT-Application-On-Premise,ITDemand.csv
Sales-Ops,IT-Application-Subscription,ITDemand.csv
Sales-Ops,IT-Infrastructure,ITDemand.csv
Sales-Ops,IT-Consultant-System Implementation,ITDemand.csv
Sales-Ops,Facilities-Offices,phones.csv
Sales-Ops,Facilities-Supplies,phones.csv
Sales-Exec,Salary,sales.csv
Sales-Exec,Benefits,sales.csv
Sales-Exec,Contractors,sales.csv
Sales-Exec,Travel-Trips,sales.csv
Sales-Exec,Travel-Hotels,sales.csv
Sales-Exec,Professional-Services-Consultants,sales.csv
Sales-Exec,Legal-Consultants,sales.csv
Sales-Exec,Legal-Corporate Fees,sales.csv
Sales-Exec,Legal-Employment Fees,sales.csv
Sales-Exec,IT-Application-On-Premise,ITDemand.csv
Sales-Exec,IT-Application-Subscription,ITDemand.csv
Sales-Exec,IT-Infrastructure,ITDemand.csv
Sales-Exec,IT-Consultant-System Implementation,ITDemand.csv
Sales-Exec,Facilities-Offices,sales.csv
Sales-Exec,Facilities-Supplies,sales.csv
Tax,Salary,sales.csv
Tax,Benefits,sales.csv
Tax,Contractors,sales.csv
Tax,Travel-Trips,sales.csv
Tax,Travel-Hotels,sales.csv
Tax,Professional-Services-Consultants,sales.csv
Tax,Legal-Consultants,sales.csv
Tax,Legal-Corporate Fees,sales.csv
Tax,Legal-Employment Fees,sales.csv
Tax,IT-Application-On-Premise,ITDemand.csv
Tax,IT-Application-Subscription,ITDemand.csv
Tax,IT-Infrastructure,ITDemand.csv
Tax,IT-Consultant-System Implementation,ITDemand.csv
Tax,Facilities-Offices,sales.csv
Tax,Facilities-Supplies,sales.csv
