CostCenter,Account,BPA
Sales-01,100000,sales.csv
Sales-01,100001,sales.csv
Sales-01,200000,sales.csv
Sales-01,400000,sales.csv
Sales-01,400001,sales.csv
Sales-01,500000,sales.csv
Sales-01,600000,sales.csv
Sales-01,600001,sales.csv
Sales-01,600002,sales.csv
Sales-01,700000,ITDemand.csv
Sales-01,700001,ITDemand.csv
Sales-01,700002,ITDemand.csv
Sales-01,700003,ITDemand.csv
Sales-01,800000,phones.csv
Sales-01,800001,phones.csv
Sales-01,800002,phones.csv
Sales-02,100000,sales.csv
Sales-02,100001,sales.csv
Sales-02,200000,sales.csv
Sales-02,400000,sales.csv
Sales-02,400001,sales.csv
Sales-02,500000,sales.csv
Sales-02,600000,sales.csv
Sales-02,600001,sales.csv
Sales-02,600002,sales.csv
Sales-02,700000,sales.csv
Sales-02,700001,sales.csv
Sales-02,700002,sales.csv
Sales-02,700003,sales.csv
Sales-02,800000,sales.csv
Sales-02,800001,sales.csv
Sales-02,800002,sales.csv
Sales-03,100000,sales.csv
Sales-03,100001,sales.csv
Sales-03,200000,sales.csv
Sales-03,400000,sales.csv
Sales-03,400001,sales.csv
Sales-03,500000,sales.csv
Sales-03,600000,sales.csv
Sales-03,600001,sales.csv
Sales-03,600002,sales.csv
Sales-03,700000,sales.csv
Sales-03,700001,sales.csv
Sales-03,700002,sales.csv
Sales-03,700003,sales.csv
Sales-03,800000,sales.csv
Sales-03,800001,sales.csv
Sales-03,800002,sales.csv
Sales-04,100000,sales.csv
Sales-04,100001,sales.csv
Sales-04,200000,sales.csv
Sales-04,400000,sales.csv
Sales-04,400001,sales.csv
Sales-04,500000,sales.csv
Sales-04,600000,sales.csv
Sales-04,600001,sales.csv
Sales-04,600002,sales.csv
Sales-04,700000,ITDemand.csv
Sales-04,700001,ITDemand.csv
Sales-04,700002,ITDemand.csv
Sales-04,700003,ITDemand.csv
Sales-04,800000,phones.csv
Sales-04,800001,phones.csv
Sales-04,800002,phones.csv
Sales-05,100000,sales.csv
Sales-05,100001,sales.csv
Sales-05,200000,sales.csv
Sales-05,400000,sales.csv
Sales-05,400001,sales.csv
Sales-05,500000,sales.csv
Sales-05,600000,sales.csv
Sales-05,600001,sales.csv
Sales-05,600002,sales.csv
Sales-05,700000,ITDemand.csv
Sales-05,700001,ITDemand.csv
Sales-05,700002,ITDemand.csv
Sales-05,700003,ITDemand.csv
Sales-05,800000,sales.csv
Sales-05,800001,sales.csv
Sales-05,800002,sales.csv
Marketing-01,100000,sales.csv
Marketing-01,100001,sales.csv
Marketing-01,200000,sales.csv
Marketing-01,400000,sales.csv
Marketing-01,400001,sales.csv
Marketing-01,500000,sales.csv
Marketing-01,600000,sales.csv
Marketing-01,600001,sales.csv
Marketing-01,600002,sales.csv
Marketing-01,700000,ITDemand.csv
Marketing-01,700001,ITDemand.csv
Marketing-01,700002,ITDemand.csv
Marketing-01,700003,ITDemand.csv
Marketing-01,800000,sales.csv
Marketing-01,800001,sales.csv
Marketing-01,800002,sales.csv
Marketing-02,100000,sales.csv
Marketing-02,100001,sales.csv
Marketing-02,200000,sales.csv
Marketing-02,400000,sales.csv
Marketing-02,400001,sales.csv
Marketing-02,500000,sales.csv
Marketing-02,600000,sales.csv
Marketing-02,600001,sales.csv
Marketing-02,600002,sales.csv
Marketing-02,700000,ITDemand.csv
Marketing-02,700001,ITDemand.csv
Marketing-02,700002,ITDemand.csv
Marketing-02,700003,ITDemand.csv
Marketing-02,800000,sales.csv
Marketing-02,800001,sales.csv
Marketing-02,800002,sales.csv
Marketing-03,100000,sales.csv
Marketing-03,100001,sales.csv
Marketing-03,200000,sales.csv
Marketing-03,400000,sales.csv
Marketing-03,400001,sales.csv
Marketing-03,500000,sales.csv
Marketing-03,600000,sales.csv
Marketing-03,600001,sales.csv
Marketing-03,600002,sales.csv
Marketing-03,700000,ITDemand.csv
Marketing-03,700001,ITDemand.csv
Marketing-03,700002,ITDemand.csv
Marketing-03,700003,ITDemand.csv
Marketing-03,800000,sales.csv
Marketing-03,800001,sales.csv
Marketing-03,800002,sales.csv
Product-Mgmt-01,100000,implementation.csv
Product-Mgmt-01,100001,implementation.csv
Product-Mgmt-01,200000,implementation.csv
Product-Mgmt-01,400000,implementation.csv
Product-Mgmt-01,400001,implementation.csv
Product-Mgmt-01,500000,implementation.csv
Product-Mgmt-01,600000,implementation.csv
Product-Mgmt-01,600001,implementation.csv
Product-Mgmt-01,600002,implementation.csv
Product-Mgmt-01,700000,ITDemand.csv
Product-Mgmt-01,700001,ITDemand.csv
Product-Mgmt-01,700002,ITDemand.csv
Product-Mgmt-01,700003,ITDemand.csv
Product-Mgmt-01,800000,implementation.csv
Product-Mgmt-01,800001,implementation.csv
Product-Mgmt-01,800002,implementation.csv
R&D-01,100000,implementation.csv
R&D-01,100001,implementation.csv
R&D-01,200000,implementation.csv
R&D-01,400000,implementation.csv
R&D-01,400001,implementation.csv
R&D-01,500000,implementation.csv
R&D-01,600000,implementation.csv
R&D-01,600001,implementation.csv
R&D-01,600002,implementation.csv
R&D-01,700000,ITDemand.csv
R&D-01,700001,ITDemand.csv
R&D-01,700002,ITDemand.csv
R&D-01,700003,ITDemand.csv
R&D-01,800000,implementation.csv
R&D-01,800001,implementation.csv
R&D-01,800002,implementation.csv
R&D-02,100000,implementation.csv
R&D-02,100001,implementation.csv
R&D-02,200000,implementation.csv
R&D-02,400000,implementation.csv
R&D-02,400001,implementation.csv
R&D-02,500000,implementation.csv
R&D-02,600000,implementation.csv
R&D-02,600001,implementation.csv
R&D-02,600002,implementation.csv
R&D-02,700000,ITDemand.csv
R&D-02,700001,ITDemand.csv
R&D-02,700002,ITDemand.csv
R&D-02,700003,ITDemand.csv
R&D-02,800000,implementation.csv
R&D-02,800001,implementation.csv
R&D-02,800002,implementation.csv
R&D-03,100000,implementation.csv
R&D-03,100001,implementation.csv
R&D-03,200000,implementation.csv
R&D-03,400000,implementation.csv
R&D-03,400001,implementation.csv
R&D-03,500000,implementation.csv
R&D-03,600000,implementation.csv
R&D-03,600001,implementation.csv
R&D-03,600002,implementation.csv
R&D-03,700000,ITDemand.csv
R&D-03,700001,ITDemand.csv
R&D-03,700002,ITDemand.csv
R&D-03,700003,ITDemand.csv
R&D-03,800000,implementation.csv
R&D-03,800001,implementation.csv
R&D-03,800002,implementation.csv
R&D-04,100000,sales.csv
R&D-04,100001,sales.csv
R&D-04,200000,sales.csv
R&D-04,400000,sales.csv
R&D-04,400001,sales.csv
R&D-04,500000,sales.csv
R&D-04,600000,sales.csv
R&D-04,600001,sales.csv
R&D-04,600002,sales.csv
R&D-04,700000,ITDemand.csv
R&D-04,700001,ITDemand.csv
R&D-04,700002,ITDemand.csv
R&D-04,700003,ITDemand.csv
R&D-04,800000,sales.csv
R&D-04,800001,sales.csv
R&D-04,800002,sales.csv
FIN-01,100000,sales.csv
FIN-01,100001,sales.csv
FIN-01,200000,sales.csv
FIN-01,400000,sales.csv
FIN-01,400001,sales.csv
FIN-01,500000,sales.csv
FIN-01,600000,sales.csv
FIN-01,600001,sales.csv
FIN-01,600002,sales.csv
FIN-01,700000,ITDemand.csv
FIN-01,700001,ITDemand.csv
FIN-01,700002,ITDemand.csv
FIN-01,700003,ITDemand.csv
FIN-01,800000,sales.csv
FIN-01,800001,sales.csv
FIN-01,800002,sales.csv
ACC-01,100000,sales.csv
ACC-01,100001,sales.csv
ACC-01,200000,sales.csv
ACC-01,400000,sales.csv
ACC-01,400001,sales.csv
ACC-01,500000,sales.csv
ACC-01,600000,sales.csv
ACC-01,600001,sales.csv
ACC-01,600002,sales.csv
ACC-01,700000,ITDemand.csv
ACC-01,700001,ITDemand.csv
ACC-01,700002,ITDemand.csv
ACC-01,700003,ITDemand.csv
ACC-01,800000,sales.csv
ACC-01,800001,sales.csv
ACC-01,800002,sales.csv
IT-01,100000,ITDemand.csv
IT-01,100001,ITDemand.csv
IT-01,200000,ITDemand.csv
IT-01,400000,ITDemand.csv
IT-01,400001,ITDemand.csv
IT-01,500000,ITDemand.csv
IT-01,600000,ITDemand.csv
IT-01,600001,ITDemand.csv
IT-01,600002,ITDemand.csv
IT-01,700000,ITDemand.csv
IT-01,700001,ITDemand.csv
IT-01,700002,ITDemand.csv
IT-01,700003,ITDemand.csv
IT-01,800000,ITDemand.csv
IT-01,800001,ITDemand.csv
IT-01,800002,ITDemand.csv
PS-01,100000,implementation.csv
PS-01,100001,implementation.csv
PS-01,200000,implementation.csv
PS-01,400000,implementation.csv
PS-01,400001,implementation.csv
PS-01,500000,implementation.csv
PS-01,600000,implementation.csv
PS-01,600001,implementation.csv
PS-01,600002,implementation.csv
PS-01,700000,implementation.csv
PS-01,700001,implementation.csv
PS-01,700002,implementation.csv
PS-01,700003,implementation.csv
PS-01,800000,implementation.csv
PS-01,800001,implementation.csv
PS-01,800002,implementation.csv
IS-01,100000,payroll.csv
IS-01,100001,payroll.csv
IS-01,200000,payroll.csv
IS-01,400000,payroll.csv
IS-01,400001,payroll.csv
IS-01,500000,payroll.csv
IS-01,600000,payroll.csv
IS-01,600001,payroll.csv
IS-01,600002,payroll.csv
IS-01,700000,payroll.csv
IS-01,700001,payroll.csv
IS-01,700002,payroll.csv
IS-01,700003,payroll.csv
IS-01,800000,payroll.csv
IS-01,800001,payroll.csv
IS-01,800002,payroll.csv
Exec-Office-01,100000,sales.csv
Exec-Office-01,100001,sales.csv
Exec-Office-01,200000,sales.csv
Exec-Office-01,400000,sales.csv
Exec-Office-01,400001,sales.csv
Exec-Office-01,500000,sales.csv
Exec-Office-01,600000,sales.csv
Exec-Office-01,600001,sales.csv
Exec-Office-01,600002,sales.csv
Exec-Office-01,700000,sales.csv
Exec-Office-01,700001,sales.csv
Exec-Office-01,700002,sales.csv
Exec-Office-01,700003,sales.csv
Exec-Office-01,800000,sales.csv
Exec-Office-01,800001,sales.csv
Exec-Office-01,800002,sales.csv
LEG-01,100000,sales.csv
LEG-01,100001,sales.csv
LEG-01,200000,sales.csv
LEG-01,400000,sales.csv
LEG-01,400001,sales.csv
LEG-01,500000,sales.csv
LEG-01,600000,sales.csv
LEG-01,600001,sales.csv
LEG-01,600002,sales.csv
LEG-01,700000,ITDemand.csv
LEG-01,700001,ITDemand.csv
LEG-01,700002,ITDemand.csv
LEG-01,700003,ITDemand.csv
LEG-01,800000,sales.csv
LEG-01,800001,sales.csv
LEG-01,800002,sales.csv
TAX-01,100000,sales.csv
TAX-01,100001,sales.csv
TAX-01,200000,sales.csv
TAX-01,400000,sales.csv
TAX-01,400001,sales.csv
TAX-01,500000,sales.csv
TAX-01,600000,sales.csv
TAX-01,600001,sales.csv
TAX-01,600002,sales.csv
TAX-01,700000,ITDemand.csv
TAX-01,700001,ITDemand.csv
TAX-01,700002,ITDemand.csv
TAX-01,700003,ITDemand.csv
TAX-01,800000,sales.csv
TAX-01,800001,sales.csv
TAX-01,800002,sales.csv
